urgency_score,domain_similarity_score,financial_keyword_count,request_type,sender_anomaly,label
0.44888011966031494,0.577339795454895,3,1,1,1
0.3552240499657492,0.6954083061214035,2,0,1,1
0.48572465435078593,0.8262940185881994,2,1,1,1
0.24917289068840262,0.5763609678616536,1,0,0,0
0.6535418848427081,0.7880192701440661,2,0,0,1
0.1983733084932746,0.7395496535878202,0,2,0,1
0.5822335264109395,0.49257317419699315,3,0,0,0
0.27609539115386134,0.39945743014413454,3,2,0,1
0.30707108048180265,0.6673588327257727,1,1,0,1
0.491662755878344,0.43286103893185046,3,0,1,1
0.6299912673538964,0.9845980411620482,6,2,1,1
0.16824657333589468,0.8858359742590856,4,0,0,0
0.44603587916476783,0.6523797582172012,1,1,0,1
0.38023307065636097,0.6513647931289378,1,2,0,1
0.21262635973725816,0.6683132621371779,0,2,1,1
0.45421111077657506,0.8451858014871588,0,2,0,1
0.2181801985121444,0.7596232378346137,2,1,1,1
0.40385225186793444,0.7237295306711978,1,2,1,1
0.27355529164645837,0.8599237325894965,2,1,1,0
0.31405891342186826,0.5473111862829764,5,1,1,1
0.33865243426851066,0.3261803499034481,5,0,1,1
0.4921531377585852,0.8607489950015798,2,1,1,1
0.22610678414025354,0.8202507203839506,3,2,0,0
0.4097327454832452,0.7939651785091789,2,2,0,1
0.2977232579133688,0.8630586060080285,2,1,1,1
0.29755822140899113,0.832293330274581,0,1,0,1
0.4516165524880143,0.6339674467043837,2,0,0,0
0.28523512659650097,0.4353752357628963,1,0,1,1
0.29567221954688894,0.8647432359197641,4,2,1,1
0.3770652135593108,0.6839787028693444,0,1,0,1
0.20082236745014392,0.437205301205031,4,2,0,1
0.30122206322020356,0.8067671166648613,6,1,0,1
0.40824051943658096,0.4789431626934456,3,2,0,0
0.11522789335565031,0.6361447290111931,2,2,1,1
0.18401241498736604,0.6277182678873642,2,2,0,1
0.3065652544329805,0.7968097144848819,1,1,1,0
0.4353854987403788,0.9618213679510947,2,0,0,0
0.7164709985698569,0.4330510380953084,2,0,0,0
0.2762846076582129,0.8026182813513564,2,1,1,1
0.15021756743585532,0.6766153468100664,2,0,0,1
0.13865722042853543,0.6693335325721257,3,2,0,0
0.28306000632553907,0.73909345609466,2,1,1,1
0.6302204918243296,0.7139578372515728,1,1,1,1
0.13741314409124064,0.9426251373633219,2,0,0,1
0.32164058496978665,0.6070920384254583,2,0,0,0
0.4036403754282299,0.8491385619745134,3,2,0,1
0.24720682214656228,0.4119466373067639,2,1,1,1
0.49126501991179367,0.4975302966289094,3,0,1,1
0.5490386075421183,0.7945586186202191,1,1,0,1
0.17235883332179214,0.5451525296179242,3,2,0,1
0.44861114548544895,0.7181009855430074,3,2,1,1
0.41511680935391704,0.6869078884907212,4,2,0,0
0.31840474371178296,0.9468077330544089,3,1,1,0
0.23889707828098608,0.6897530517817007,2,1,1,1
0.5563986595966353,0.7292391975121741,1,1,1,1
0.18019608268013784,0.8279952371603938,5,1,1,1
0.26634934945408206,0.6559965758768972,0,1,0,1
0.4380523290819224,0.8192989078391889,0,2,0,1
0.4181913478384531,0.95153673770088,3,2,1,1
0.5520873833484102,0.5732483475842616,4,2,0,1
0.22673790111665607,0.7548075554204554,2,0,0,1
0.5144709169150237,0.587220528033069,5,2,0,1
0.39833528685903596,0.3115605448975661,1,1,0,1
0.3802226813129049,0.6519951028135671,0,2,0,1
0.15984557300274557,0.8981212231538787,3,0,1,1
0.42234134540608537,0.7718543809661347,2,0,0,0
0.27628189211986487,0.43672251830649367,2,0,0,1
0.8349031808346674,0.8759425088730812,1,0,0,1
0.20925031736524946,0.9184617589039165,2,0,0,0
0.20878030332959632,0.6442284670934193,2,1,1,1
0.44671757038271126,0.44491955430059404,5,2,0,0
0.09579499240589376,0.6261634003671521,3,1,0,0
0.2620337105668307,0.8543865564539326,0,1,0,0
0.34491598092769066,0.6135922623807083,4,0,1,1
0.3666176387901931,0.8091940337589097,1,2,0,1
0.1359099397612033,0.882151097959593,5,2,0,1
0.5191396540916421,0.8153037203974175,1,2,0,1
0.617108458990007,0.764063674112385,5,0,0,0
0.3456601600412396,0.8437129630794673,1,1,0,1
0.03577005482303394,0.46932921057705945,1,2,1,1
0.7409950686767538,0.40268510234161975,3,1,0,0
0.7242102733235019,0.6688054209809092,1,2,1,1
0.19201222349455993,0.733242304749831,1,2,0,1
0.4174416324908713,0.7708422190745062,2,2,0,0
0.7145615821175006,0.8283148231433373,3,2,1,1
0.2860365042129487,0.7128289030616581,1,0,0,1
0.47770495350482695,0.46003094055562305,4,0,1,1
0.21186611824115406,0.8392730963102866,0,1,1,1
0.4519388280431418,0.6107413027816834,2,0,1,1
0.30057368958740316,0.6514811867197138,1,2,0,1
0.34835701653859374,0.4183265020233063,2,1,0,0
0.46333547144484516,0.5579482346244258,2,1,0,1
0.39001710828711467,0.5609118232095268,2,1,0,1
0.5347938334392116,0.4851020341384864,3,2,0,1
0.42395968804104706,0.49783610155624747,3,2,0,1
0.12485448663378357,0.8510535565838658,3,1,0,0
0.43321056863415636,0.7535139080413406,2,0,0,0
0.4700208901773709,0.6090701049030987,4,2,1,1
0.5134518073221899,0.610882472509865,3,2,1,1
0.4890432431808158,0.8303035615994343,6,0,0,1
0.45788028649992957,0.5703786916257236,3,1,1,1
0.2751931117615665,0.770041730325384,1,0,0,0
0.2939550659921095,0.87110539208371,2,2,0,1
0.2819300371479606,0.9198505071629433,7,1,0,1
0.4998327416432795,0.5465735553085613,2,1,1,1
0.3931038325499915,0.597476413024998,1,0,0,0
0.5103600634792981,0.8002731322419184,5,2,0,1
0.3084472401551011,0.8421794157278821,3,2,1,1
0.3938261475222491,0.6835680730777871,5,1,0,0
0.31718383305776315,0.37262690299328355,2,2,1,1
0.7132806920781511,0.7005384722505741,0,1,0,1
0.7208112661670038,0.581748583562812,0,1,1,1
0.1180699284741502,0.8529818177547098,1,1,0,1
0.2459976778456504,0.9272631318022656,2,2,1,1
0.1999069942288223,0.6455329543797628,3,0,1,1
0.09549385097710753,0.6355947586274207,2,1,1,1
0.5776141167037708,0.7263756951689406,2,0,0,1
0.5562390738123587,0.8466464158293259,3,0,1,1
0.5284156815512133,0.6724148023427293,1,0,1,0
0.4218811673471082,0.9128298357500575,7,0,0,1
0.4364101126608018,0.5485218124192068,2,0,1,0
0.6342127593530029,0.7580231828971916,6,1,0,1
0.37563399661381597,0.903430300038491,1,2,0,1
0.2111671130696728,0.7200899086767885,0,0,0,1
0.5185683408795944,0.6828702534101121,1,2,0,1
0.4318417776342192,0.4521194774579367,6,2,0,1
0.14598792579370057,0.8698807882646835,2,1,0,1
0.30531597634932617,0.8155770721656391,2,0,0,1
0.3458280160849361,0.6564919461164191,1,2,0,0
0.6361774462388449,0.9831594112071885,1,2,1,1
0.31436971209915887,0.8172384957942638,1,0,0,1
0.2369470773486434,0.7225023444860954,1,1,0,1
0.5574522944881012,0.7426646524153678,2,1,0,1
0.2612828548739717,0.8043953472346181,2,0,0,1
0.11242800700758732,0.6322680792699218,2,2,0,0
0.4513216273999606,0.4864721822612813,0,1,0,0
0.4063903682137678,0.8623834803651927,1,1,1,0
0.39129590478206416,0.7249924866701994,4,2,0,1
0.4661012388831617,0.5732970403429528,5,2,0,0
0.4807509729367588,0.7168731842662525,2,2,0,1
0.42189032695842077,0.492000013249086,4,2,1,1
0.3019054902538551,0.876245627481055,0,0,0,1
0.2187246410752442,0.8923482464895988,3,2,0,1
0.11898390087135718,0.8192178404530921,6,1,1,1
0.47532840999026627,0.5856081082298362,0,2,1,1
0.35059299750678036,0.6310395796025496,6,2,0,1
0.2536503172425979,0.8571021020564089,2,0,0,1
0.1396794153180155,0.8411934836282384,3,0,0,0
0.3202346419820924,0.9564545658854818,3,2,0,0
0.4704346120812069,0.7448012538323959,0,0,0,1
0.43609606758301894,0.697422271284368,1,0,0,0
0.21991646384699196,0.6805972705576535,1,0,1,0
0.30396415918584935,0.6635215950615294,1,0,0,0
0.22291925518965172,0.5277742439893808,2,2,0,0
0.1426826390000012,0.7395354242404021,6,0,0,1
0.667442310434036,0.8211658394953777,2,0,0,0
0.26701543565295377,0.7446547960790285,3,1,0,1
0.569676433002596,0.5935812037667477,2,2,1,1
0.2985745396508655,0.6274306950267341,7,0,1,1
0.46753377355610826,0.8532119618610629,3,1,1,1
0.48824113482704756,0.6259487233048683,1,0,1,1
0.393145442270265,0.6966826575027069,2,2,1,1
0.459414684528243,0.7891845151671736,2,1,0,1
0.4685912589281641,0.7506838521890561,2,1,0,1
0.5215421274126517,0.9113088608532613,1,2,1,1
0.15894192223695897,0.8897396766416208,1,1,0,0
0.22468875295269158,0.6830969215973199,1,1,0,0
0.7616132683617906,0.6730473787942445,1,0,1,1
0.1066883355392574,0.6905576556701924,2,1,1,0
0.2504289518650514,0.7892213988104766,2,2,0,1
0.3933403623795196,0.7018931483901244,2,0,0,0
0.42887984188438516,0.8127982678939933,0,1,0,1
0.5652684864901418,0.8242868630443254,2,0,0,0
0.4406747183422308,0.7692603163175328,5,2,0,1
0.5822255488927053,0.7463826078119016,2,1,1,1
0.2535923253007122,0.7100853169945975,2,2,0,1
0.07336925373274314,0.5989552909487726,2,2,0,1
0.5447253129085986,0.7393310023067358,2,1,1,1
0.30750466547566907,0.44552779941332793,2,1,0,1
0.21446932046193495,0.8996071147312343,4,0,1,1
0.6298549300334814,0.6474071170783716,4,2,0,1
0.23545452482766924,0.8972435142959496,3,1,1,1
0.2701793563027777,0.5524144309732901,2,2,0,1
0.38851612636512983,0.6972636327723112,1,1,0,1
0.4086963175619255,0.6971180152564408,1,2,0,0
0.30840706987420347,0.6143062708197831,2,0,0,1
0.5171715395296818,0.9170172102293274,3,2,0,1
0.20652069606742648,0.6113784454516309,2,1,0,1
0.5469746078742391,0.6311592841489395,2,0,1,1
0.6636582256472661,0.6785726936540721,2,0,0,1
0.40778711403384477,0.8181593095823146,4,1,1,1
0.42140523741156083,0.790488059346102,4,0,1,1
0.2065157946788287,0.6044712013911487,4,2,1,1
0.7819275216941521,0.6762531093166566,4,2,1,1
0.2328723913570037,0.907855230312278,1,1,0,1
0.3606112105829254,0.7846124892025065,1,2,0,1
0.6051365372051065,0.6840529736716345,0,1,0,0
0.24643097716047965,0.7041751586683699,1,0,0,1
0.3700998040985131,0.781867495348249,2,2,0,1
0.2170493984831737,0.5867006344189454,4,1,0,1
0.4825202085455475,0.6877416611216024,2,2,0,0
0.5688637895145172,0.38248841619953877,2,0,1,1
0.20616536427001378,0.615319194367601,4,0,1,1
0.12186888378392417,0.9322433078332244,1,2,1,1
0.051311304890940386,0.511172659885025,1,0,0,0
0.25111623935253985,0.15667259847852189,3,1,0,0
0.3637208712928633,0.43190328028488134,1,2,1,1
0.632346050247888,0.48681518949337643,2,2,0,0
0.40845263311130336,0.719370089893516,1,0,1,1
0.37145190488535823,0.4049012123849966,0,1,1,1
0.5122345836933616,0.5008684854703419,4,2,0,0
0.45048070650364896,0.8583384141689908,1,2,0,1
0.30357501326342806,0.820969223535952,2,0,0,1
0.21190965390473193,0.655750213209717,0,0,0,0
0.5244875571553237,0.45322669301642515,1,1,0,0
0.4438520851872575,0.7777933942092697,1,1,1,1
0.15736426277380636,0.8867533133265977,0,0,0,0
0.4118925840285459,0.8974900200653035,0,1,0,1
0.2708004704328335,0.6992332770485967,4,0,0,0
0.6028057732979175,0.8345256322128759,1,2,0,1
0.2131881128299148,0.5917455044355132,0,0,1,1
0.5293604641734434,0.6158192592285279,0,0,0,1
0.6527690840743706,0.8352712806731675,4,0,1,1
0.2931936508155737,0.8411323054151058,4,2,1,1
0.3530867333677065,0.6550798029637674,2,1,1,1
0.4271722354601106,0.4828848315039507,2,1,0,1
0.4008164084914115,0.8227936052401608,1,1,0,1
0.14687697683802545,0.826606480557786,1,0,1,1
0.29237002945819307,0.8365808746528351,1,0,1,1
0.5535488101477906,0.3442454352630252,5,1,1,1
0.3336792913084455,0.9658987038363654,0,2,0,1
0.6389042086156292,0.8322602778648315,5,2,0,1
0.5317379483006487,0.8017342253919815,1,2,1,1
0.31296732123723486,0.8720541889921196,1,2,0,1
0.27562216772870035,0.8695451067757012,0,0,0,1
0.18471708102498005,0.8895375841106196,1,1,0,1
0.1895931401444022,0.5704024198764849,2,2,1,1
0.3328608139713243,0.9304211388694741,2,0,0,1
0.2953711998366965,0.8046734121708552,0,0,0,0
0.33460312157652905,0.6755879808592704,3,0,0,0
0.5225815821565402,0.6801930044176503,3,1,0,1
0.18056983617211317,0.8813164307089608,3,0,1,1
0.3364637113343647,0.661456357305214,1,1,0,1
0.32705036391277365,0.8027669133957042,1,1,0,1
0.1849568737517383,0.7987965198796653,2,1,0,0
0.6179334107588939,0.668588177864915,0,1,0,1
0.2318386300935584,0.8918523798498292,2,0,0,1
0.3846421336885429,0.9494513402685133,2,0,1,1
0.3153039647797645,0.6928500067081175,1,0,1,0
0.3680858225478142,0.8490756280765016,0,2,0,1
0.43152834052368133,0.796648512640361,3,2,0,1
0.2119366108072804,0.7810137896374585,2,1,0,1
0.2696382697764939,0.9880717553407828,1,1,1,1
0.7200329973130924,0.8535439316448029,1,1,0,1
0.2847890718827551,0.4912800577949642,1,1,0,0
0.3336144800431352,0.9041817432307285,0,1,1,1
0.4203936709410103,0.6791308120663897,3,2,0,1
0.4749607431779236,0.757731564330647,3,1,0,1
0.3249975964739523,0.6740438123746069,2,0,0,0
0.4615506591199617,0.6009737900694436,2,1,0,1
0.38550750813393303,0.6846611718453293,1,0,1,1
0.2587669648922119,0.7462348408035226,6,0,1,1
0.2565030735404728,0.9294751642416985,1,0,0,1
0.42705742917305284,0.8617175648569251,3,0,0,1
0.2819528233184083,0.48208501733845877,1,1,0,1
0.4659770011709075,0.6942975913755149,2,1,0,1
0.25109965431630704,0.7645387771704707,1,1,0,0
0.5751449421780475,0.5224867922278806,0,1,0,1
0.4091586062465205,0.6499710538847225,2,1,0,0
0.17191349675921708,0.9623139193738526,1,2,0,1
0.1361932553183144,0.9436096626317548,2,0,0,1
0.46518610940472677,0.6856436344030797,1,0,0,0
0.28851769053507187,0.7372056030325147,3,2,0,1
0.5725610234259328,0.725660469581036,1,2,0,1
0.515155281765192,0.7133588348818073,2,1,0,0
0.3598830705348955,0.6660425118717208,3,1,0,1
0.5177208835543256,0.7055901006495253,6,0,0,1
0.544025516059776,0.6794526500746205,4,1,0,1
0.5795357402630866,0.5266564579308204,2,0,0,1
0.3111673112584909,0.8201074926130157,2,1,0,1
0.14131711022420013,0.5481668159115242,0,1,0,0
0.04968026974667937,0.43939829047926704,2,0,1,1
0.5436352185652187,0.8498454084411422,4,2,0,1
0.35725276313888066,0.7882976697609916,1,2,1,1
0.22013572388395644,0.48606770136962424,2,1,1,1
0.39495365785988007,0.8300708048065335,1,2,0,1
0.3762120689130005,0.8695018105013872,3,1,1,1
0.3869619927914834,0.3315925267376647,4,2,0,0
0.30692817583473175,0.6766262294255498,1,2,0,1
0.4829038803085383,0.5922887129571828,1,0,1,0
0.2021902340006534,0.7618088814965823,2,2,1,1
0.32103244141199083,0.8288450735762977,3,1,0,1
0.23994316852099207,0.7638118465489462,1,0,0,0
0.469288024203947,0.6006623510098554,3,2,1,1
0.24892241845440274,0.868544938628346,5,0,1,1
0.16216682072139085,0.7861361231903463,4,2,0,1
0.4203832718581403,0.5993445770471991,1,1,0,1
0.40964687214802886,0.8732273245570461,2,1,0,1
0.1713011448418651,0.8728737486292221,1,0,0,1
0.5434066100582755,0.3472726935980492,2,2,1,1
0.39165026071392717,0.8936645763050604,1,2,0,1
0.2950444964999688,0.7203926838605537,1,0,1,1
0.08784605928391612,0.2886865467328859,5,0,1,1
0.49114480073589895,0.6417691149949354,1,1,0,1
0.4031791981942019,0.7848864087214631,3,0,0,0
0.43701495308737315,0.8347618305836806,3,2,0,1
0.04743101447936398,0.8900938301162777,4,0,0,1
0.33861096012120173,0.6247470451918544,7,1,0,0
0.5250130965977532,0.9400987641006494,2,0,0,0
0.4216011656694882,0.9309344437405874,4,2,0,1
0.3437656657720946,0.813029221033624,2,0,0,1
0.33893292930301105,0.8894357468926126,2,0,0,1
0.34778527132264914,0.4117333663057849,2,0,0,1
0.514496502507054,0.8621823356950847,1,1,1,1
0.40528048092003854,0.7476790882082811,1,1,0,1
0.2882690954851427,0.6918478111487837,6,1,0,1
0.2677235940480225,0.7485797627841438,2,1,1,1
0.2327956341211167,0.3580273226496802,1,2,1,1
0.2460292903068532,0.6563657992312305,1,2,1,1
0.27452012094044403,0.9340882984135588,6,1,0,1
0.5129669492105617,0.3575359865528619,4,1,0,0
0.2285051746339844,0.8715472227783906,2,1,0,1
0.2558553043916496,0.8804251680530886,1,0,0,1
0.3582309306049058,0.6010260264829688,2,2,0,0
0.20924468107122693,0.8200700956715719,0,0,0,1
0.26273712853153597,0.6723550146093619,0,1,0,0
0.31012700640417884,0.5898333784403407,5,2,0,1
0.2168713240580667,0.7433887211505383,0,1,0,1
0.56563894214978,0.6229506736133168,0,0,0,0
0.22970171821513738,0.7118411286227072,4,2,0,1
0.30626208677153877,0.8462814266572349,1,0,1,1
0.10141880518481274,0.7181202266357927,2,2,1,1
0.3963876663351204,0.6976706693789906,3,1,0,1
0.4896383233506657,0.6518247727252209,3,2,1,1
0.08563025132005589,0.5492356627164978,2,0,0,0
0.3623946767161794,0.8773585170798112,5,0,0,1
0.49471615348198117,0.83658440065225,3,0,0,0
0.44026949399439197,0.8351591693856683,0,0,1,1
0.1514995117071631,0.6385419531318708,5,1,0,1
0.2268932900730911,0.7303398932648273,2,0,0,1
0.3210794315228959,0.945835087876823,3,1,1,1
0.3391839278198348,0.7876939028362607,1,2,0,0
0.40053705284004293,0.774644719302151,2,0,1,1
0.5302763179543114,0.8591714536731179,0,2,0,1
0.5249390678815309,0.8136501646728445,2,2,0,1
0.41181811850957656,0.7838520622932736,1,1,1,1
0.29372358187412345,0.8763876864370327,2,0,0,0
0.630658934660146,0.8493053732486262,3,1,1,0
0.5621713230338145,0.8917187599096872,2,0,1,1
0.416644328281535,0.7944720023388677,2,2,0,1
0.405845973295579,0.5085863871453916,1,1,0,0
0.24116515902179245,0.8423935911807535,2,0,0,0
0.5134419341253006,0.7890259448787688,2,2,0,1
0.641859503374578,0.35279227173666566,4,1,0,1
0.21897252424889022,0.6434562133413397,1,1,1,0
0.23524971092313146,0.4437068301117259,3,1,0,0
0.35364223295253877,0.7208017760369863,1,1,1,1
0.2635406751548279,0.6821033991720009,2,2,1,1
0.3632401872914788,0.5920399896686486,2,2,1,1
0.3564463915708693,0.5115200722524182,0,2,1,1
0.22799634990962414,0.8933497037936846,1,2,1,1
0.661304432079394,0.5414347721818198,3,0,1,0
0.2184587194304947,0.6483424966254092,3,2,1,1
0.36316033911696705,0.8380505932276998,2,1,1,1
0.25611975236657436,0.8761150244579569,1,1,1,1
0.5898657595454888,0.8532403345370475,1,1,1,1
0.3748504918463416,0.9487248402885807,0,1,0,1
0.39214132242851907,0.4504066422768566,1,0,0,0
0.6540404787039511,0.8307656822668305,2,1,0,1
0.32254819751993347,0.36019328287207153,0,1,0,1
0.42880922324487036,0.7075755320497623,3,1,0,1
0.2543996210274394,0.8794217749317503,2,2,1,1
0.3650301520344872,0.5683436439585019,4,2,0,1
0.4747001583667543,0.8517020100537555,1,0,0,0
0.23177503483606166,0.942235403952442,4,0,1,1
0.33126618642378153,0.5027388941894164,2,0,1,1
0.43013235710525966,0.7660258891935141,1,1,1,1
0.18414386426015175,0.7069009427460577,5,0,1,1
0.47188486648166483,0.9808011234487294,5,2,0,1
0.42319164078132004,0.6706627049569766,2,2,0,1
0.30628567048080846,0.4503540356679504,2,2,0,1
0.38597298622006193,0.8223468851425823,3,1,0,1
0.6797367890687176,0.9590650925290248,3,1,0,1
0.19230143419201381,0.9451630029903162,2,0,1,1
0.3595238120385026,0.5322236980538343,3,0,1,1
0.6448078330705043,0.6044261540339103,2,0,0,0
0.2515463016422623,0.42923512333476055,0,0,0,0
0.30452323647638796,0.8100570355994784,2,1,0,0
0.5424670257068902,0.8572635198663384,4,2,0,1
0.40040824750502485,0.5531275469754686,0,1,1,1
0.3348508200456653,0.8983159335425082,4,0,0,1
0.19052412627187573,0.7792454690864524,0,1,1,1
0.5159993026129424,0.869576749571521,2,2,1,1
0.6962352021177671,0.5758614901391479,0,1,0,1
0.3774647939481471,0.5364159641413384,1,2,1,1
0.5102422712508926,0.7874475970335074,2,0,0,0
0.29392348192243545,0.869714961714991,1,1,0,1
0.26172888338661493,0.7072570295408954,4,0,0,0
0.17952973647619852,0.9314640913807277,2,0,0,1
0.44399018757451164,0.8552404760846983,0,2,0,1
0.5910143540759476,0.9139840910182209,1,2,0,1
0.34398074771065,0.9636117310188885,4,0,0,1
0.5052649060360465,0.897659063812464,6,2,0,1
0.33747783616175037,0.8002900867990056,1,2,1,1
0.47755702937859057,0.44933200739380913,3,0,0,1
0.35528090258429196,0.9640089371525922,2,0,1,1
0.11975047521411294,0.568070131414278,0,2,0,1
0.2482225795615848,0.654829098465105,4,0,1,1
0.29704689055830663,0.5479279881028558,3,0,0,0
0.3519547400379355,0.6894183590161296,0,2,0,1
0.4444894558420281,0.5938053022461133,0,1,0,1
0.1595413860014143,0.762215585954769,2,1,0,1
0.18061631174135503,0.8504108760319095,3,0,0,1
0.3416286667554003,0.7511531685616403,2,2,1,1
0.5958905963920127,0.5946315448028936,2,0,1,1
0.43289416119306295,0.8881333099206082,1,2,0,1
0.2101629265266411,0.8986537218376736,3,0,0,1
0.13949695173170942,0.4541972623381747,3,0,0,0
0.3024834788406332,0.7807809200892875,1,2,1,1
0.36098228336997074,0.9160215321759939,1,0,0,0
0.5634164875824071,0.668034123213364,2,1,0,1
0.1752390361623514,0.7490202898448496,3,1,0,0
0.48153216770336393,0.768986827832609,2,2,0,1
0.25152139338383434,0.676482447436275,2,0,0,1
0.5975560733419285,0.7811676476877288,1,1,0,0
0.515109891640363,0.802394943249713,4,2,0,1
0.5074861810500155,0.9591457639062969,1,2,0,1
0.5468117794457076,0.7884017711424025,0,2,1,1
0.2956963570151212,0.9566210096431114,3,1,1,0
0.6355694241327214,0.6159546843438954,0,1,0,0
0.3447730695891978,0.7688981522195986,2,1,0,1
0.4702699817393494,0.73498258245365,3,1,0,1
0.6248096604692158,0.8333109729140478,3,0,0,1
0.12139493952278134,0.6388861240627407,3,1,0,0
0.5491917565069077,0.9352316929907271,1,2,0,1
0.15720183365112123,0.7981484368206196,2,0,0,1
0.12240568012440511,0.6232732081114306,2,1,0,0
0.290656186212825,0.5425549955584757,0,0,0,0
0.6591034931977336,0.5227298794709063,0,2,0,1
0.3496331341253731,0.5017176206616485,2,1,1,1
0.5393213970394678,0.5605741084987386,2,0,1,1
0.35886545841584705,0.8739469945796484,3,1,1,0
0.2759728488093553,0.547962042169328,3,0,1,1
0.6626502230885917,0.7825184635070559,1,0,0,1
0.4768247718510548,0.538997455513186,2,2,1,1
0.6384070163983994,0.6810705214260466,1,2,0,0
0.22282359003709476,0.6890308811928142,1,1,0,1
0.1603829429445124,0.6506537250798645,0,1,0,1
0.4450709052818758,0.7005242624708561,3,0,0,1
0.35651121976298006,0.7540940435299326,2,2,1,1
0.3537342095764609,0.7399303117933508,2,2,1,1
0.4376497709906556,0.8455533755341779,0,0,0,1
0.33286772489318023,0.5578544311138992,3,2,0,1
0.26313522894162594,0.7953548623976918,2,2,1,1
0.22253697344690898,0.7949275944676922,3,0,0,1
0.3568691492559894,0.7680364731359623,2,1,0,1
0.2393010791645714,0.542893063181009,5,1,0,1
0.5210417749309117,0.8655485360752754,3,1,1,1
0.4934624875195403,0.5771174267054607,0,0,0,1
0.49696969503005656,0.9105991660327397,3,1,1,1
0.565073506658238,0.7356224183703731,2,0,1,1
0.48735108826550316,0.7427791936148864,4,0,0,1
0.2912732511939166,0.5958800329324698,2,2,0,0
0.1939427864809054,0.9133422157524486,4,2,0,0
0.35915383910834986,0.5784131998001011,4,1,0,0
0.19778990791493212,0.8848425465645193,2,0,0,1
0.24301307748271356,0.5295081524849873,2,1,0,0
0.18468258703126098,0.8064693001419327,3,1,0,0
0.2855580881184446,0.7830646374398563,2,2,0,1
0.431735555442624,0.6226861084532436,2,1,0,0
0.266311759448124,0.3071215874388056,3,1,0,0
0.552280225971823,0.5118680729061208,3,2,0,0
0.5388235028927884,0.6029954863325684,2,1,1,1
0.41884760381916036,0.9463039106805294,2,1,0,1
0.4136145254224794,0.7868502062427791,2,0,0,0
0.3713346609967522,0.6712147220852495,4,1,0,0
0.42291425911341296,0.8978007637830253,4,2,1,1
0.13119869067288956,0.8072995828221484,3,2,0,1
0.433236320785318,0.6401352198628608,2,0,1,1
0.6524595610472196,0.6387842116507655,4,2,1,1
0.2862994122888939,0.6728640929242197,2,2,0,1
0.41523926774142056,0.7932502998149824,2,2,0,1
0.33887973746777017,0.4010136119707568,6,1,0,0
0.27990414094411536,0.8692993073424229,1,0,0,1
0.5269389209334958,0.7932401661339586,0,0,0,1
0.2963865101379013,0.7181553135510255,1,0,0,1
0.5136966707026853,0.6538946517437563,1,0,1,0
0.39882696327350603,0.6943275000130085,2,2,0,1
0.15975407898152305,0.6670563877296092,0,1,0,1
0.251274619158253,0.6094997440259539,5,2,0,0
0.39465237073056725,0.45643586803287234,4,2,0,1
0.32169013508526473,0.9012438905436297,3,2,1,1
0.3250915109315345,0.7957954187861261,2,2,0,1
0.3670056797714668,0.7779518684450557,1,0,1,1
0.26663982054031676,0.8562434481044091,2,0,0,0
0.21458065916547367,0.6727127910725418,3,1,1,1
0.4406734307608256,0.7187936976060043,4,2,0,1
0.0367712395959552,0.5149838114927157,1,0,1,1
0.301837050888912,0.5710257199923331,0,1,1,1
0.4352914801070255,0.7588252532421038,1,2,1,1
0.5837162004906115,0.8337276287964589,0,2,0,1
0.3341619147092746,0.5530131859871288,2,0,0,0
0.6674843113505291,0.990769209532324,2,2,0,1
0.21486160132990195,0.9443998538648304,0,2,1,1
0.42974389039143035,0.6285401789523131,0,0,0,0
0.34324524958015423,0.8399886414941705,0,1,1,1
0.1865820844408193,0.7530063864453667,0,1,0,1
0.49126021042605295,0.5843194927977614,2,0,0,0
0.3573020184267953,0.5990022955057938,3,0,0,1
0.17940969605046983,0.8073364210252524,2,1,0,1
0.45033469647957514,0.8032307122100799,2,1,0,1
0.14312484078132634,0.5993692009741056,3,0,0,0
0.49229160582090176,0.7517449290537518,2,0,0,1
0.24277525654189971,0.9047779557545984,3,0,1,1
0.7604704096342368,0.697917617192305,3,2,0,0
0.2739837394719712,0.7419406749965687,3,0,1,1
0.35663657637448576,0.6710158972678617,2,2,0,1
0.4367126253491082,0.8381637898170762,0,1,1,1
0.27693160915502296,0.6553708983537365,4,1,0,0
0.5482881954744181,0.377928603258215,1,0,0,0
0.39322802662884954,0.9331217606182102,2,0,0,0
0.11037865235361642,0.5594378201873655,3,1,0,1
0.15654811884310132,0.4748445998954276,5,1,0,1
0.5749058000782074,0.7920127768820547,1,1,1,1
0.34804368524522333,0.5112106097692911,2,1,1,1
0.3420983445716758,0.9075973766317633,2,0,0,1
0.34292775993094576,0.6626371826030342,3,2,1,1
0.22265916573705355,0.9133428943889127,3,1,0,1
0.33709378817633606,0.46662260033368397,1,1,0,0
0.33872449009741235,0.6956450438853802,4,2,0,1
0.7492757011336012,0.8515259986729612,2,0,1,0
0.3858242849762721,0.764738925556761,3,2,0,1
0.366798987758808,0.5195096714813354,1,0,1,1
0.3650879114990009,0.788970570002941,3,0,0,1
0.3741392092168961,0.8798634684539,1,0,1,1
0.3378350337432918,0.572326695331067,1,0,1,1
0.49529611115397465,0.6611923628956536,1,0,1,1
0.32711804667433586,0.5427897214365497,4,1,0,1
0.5777628035086732,0.8118508161140532,2,0,0,1
0.3197232886922003,0.7874301289681841,0,1,0,1
0.5302673452408576,0.7586546578413662,1,0,0,1
0.5317483742743835,0.7810258655437847,4,1,1,1
0.2756059924674475,0.6923380109414246,1,2,0,1
0.16058733532521507,0.6444137941278283,1,2,0,1
0.6621247839745353,0.7823438062605124,3,1,0,1
0.3229112116221919,0.6077830809236552,0,0,0,1
0.3952285240079389,0.8593149397950012,1,1,1,1
0.2526859767968122,0.8814534188454423,1,1,0,0
0.2759537192391304,0.7862296340212258,2,0,1,1
0.5941893872403102,0.7312484664497211,2,2,0,1
0.6028169402004426,0.4556367280477321,1,1,0,0
0.43275480474635325,0.4862550683135078,2,2,0,1
0.34119845620199507,0.7399702935221487,1,2,0,1
0.4761000879844932,0.6757925657639171,2,2,0,1
0.28564878270724764,0.8917526718841037,2,1,1,1
0.4047700274877336,0.900275750945833,4,1,0,1
0.221414040197583,0.9682933633564743,1,0,0,0
0.20667935764727205,0.927610421148277,4,0,1,1
0.4366248469272401,0.7609081359199112,3,1,0,1
0.4072290626582519,0.7925438014216961,3,0,1,1
0.3927136912608614,0.7149741344899858,1,2,0,1
0.30783505705161623,0.9499335492156892,3,2,0,1
0.4268119241771954,0.7896557949939793,2,1,0,1
0.28031838910011014,0.631196172500542,2,2,0,1
0.10691520954803009,0.9411280834026636,1,1,0,0
0.3575049904314249,0.8507837381689941,1,1,0,1
0.20147502155712055,0.8842143817843766,0,1,1,1
0.5001834666047327,0.5784878499693944,3,2,0,0
0.6089600655649087,0.6969227027450439,3,1,0,0
0.7010793345136115,0.8256381686488442,3,1,0,0
0.3671160318952689,0.3064418285509512,1,0,0,0
0.25168167462863483,0.6157022457339184,1,2,0,1
0.3914086910790527,0.81442178666704,1,1,0,1
0.36620517934467217,0.5468384419558776,6,0,1,1
0.39790117631973226,0.8479683557734639,3,1,0,1
0.5533784474127394,0.8607757693293442,1,2,0,1
0.3045820062533219,0.8306140040771349,4,0,0,0
0.3903883470560585,0.834892415483499,1,0,0,0
0.22657459569998414,0.7356477341868471,1,1,0,1
0.3500400134047255,0.8554248904383601,2,1,0,1
0.6884410120772123,0.4891368248133261,0,2,0,1
0.25739072429202997,0.7658079504790505,2,2,0,1
0.518647668812378,0.6416344427171948,0,1,1,1
0.32883460342719856,0.5260761408679248,1,0,0,1
0.5248129877145965,0.3754374965772714,3,2,1,1
0.5134912211009924,0.4969359856487292,3,2,0,1
0.2311444873048154,0.45404784817976085,2,0,1,0
0.48608515034466043,0.7718116428628737,1,1,1,1
0.16128906530546797,0.7105205824223705,0,2,1,1
0.1869838897954236,0.903524222422448,2,0,0,1
0.36312594771960277,0.7355634201096786,1,2,0,1
0.6139593383159339,0.8556708221414717,2,0,0,1
0.4427144258338225,0.6194850836800997,4,2,0,1
0.24259533222305996,0.8529859556938088,1,1,0,0
0.10068682110339403,0.739111475000805,4,0,0,0
0.46895690533180184,0.626095790479198,0,2,0,1
0.36444559319516295,0.8551363123672936,1,2,0,1
0.39041723774326764,0.653443179631224,0,0,0,0
0.43431636791714967,0.8428885060771419,1,0,0,1
0.5471834994659909,0.5586873593435325,1,1,0,1
0.3525608601920037,0.9514275999063222,5,0,0,1
0.6076257501018207,0.49684416780508833,1,2,1,1
0.25593033170947876,0.5683806690526158,1,1,0,1
0.14245541707242054,0.6218136477247822,0,0,1,1
0.5565358874051113,0.2801242035964402,3,2,0,0
0.18177506885313588,0.880361753164263,2,0,1,1
0.3873710474560561,0.5994895271320958,2,2,0,1
0.615166336599265,0.3822477909264984,2,2,1,1
0.1329644721002133,0.49591825753932667,3,1,0,0
0.4519947629227424,0.6474091985295909,1,1,1,1
0.1373882444933841,0.8459895905557199,1,0,0,1
0.3756379762062804,0.8409049692107263,1,1,0,1
0.047497295603903006,0.5870818359843597,3,0,0,1
0.1878797203385772,0.6827737095772949,4,1,0,1
0.25058653769882483,0.8598663815951073,3,1,0,0
0.1244648616453365,0.8332366548733346,0,0,1,1
0.46943960146825564,0.766297495618453,3,1,0,1
0.4210695974218059,0.7823112371627274,3,1,0,1
0.6155765543194331,0.7454028055598397,0,1,0,1
0.194301698006079,0.7417846738155762,3,1,0,1
0.3192120355250985,0.8936129972821386,4,0,0,1
0.15300388926079364,0.9543562369630285,1,2,1,1
0.2723291215268213,0.8132880004858765,3,0,0,1
0.651823504455732,0.6179881108471229,2,0,0,0
0.4874346203379025,0.7495400659211222,1,0,0,1
0.1761183752168501,0.5800339024902863,5,1,0,1
0.08075765969792177,0.6345934441448824,1,1,0,1
0.07656588595759208,0.7909771827334604,0,2,0,1
0.4817053487405276,0.77429514309298,2,1,0,1
0.24567344422604923,0.91960537604093,1,2,1,1
0.7834483404226679,0.9014010613687995,4,2,0,1
0.3826296912522602,0.9500900954960569,1,1,1,1
0.2541448138009517,0.6414111791575332,1,2,0,0
0.16688275672948844,0.7802141965833653,2,0,0,1
0.5351776682881987,0.9072673859405141,1,0,0,1
0.27612174400079903,0.8779712541331406,3,0,0,1
0.41646928615490525,0.8186071868054364,5,2,0,1
0.37127164325721723,0.5917177099427748,1,2,0,1
0.36736148098428034,0.8268664982169863,2,0,1,1
0.5030373168292017,0.6026316815951945,3,1,0,1
0.16653315274318403,0.8565120121515687,3,0,1,1
0.3935713616417047,0.6714061128856109,3,1,0,1
0.31364857411468233,0.4357298774795951,2,1,0,1
0.5002410037259172,0.8449046896021795,0,2,0,1
0.5413713513172572,0.5438212977433454,2,2,0,1
0.21615364911067403,0.9524283714959786,3,1,0,1
0.47709039274939313,0.6588538271781449,2,1,0,0
0.18606817838488648,0.7262425674043523,0,1,0,0
0.3365598805341107,0.8828341480526164,3,2,0,1
0.3724517160613341,0.582775612214217,4,0,0,0
0.5208855418067945,0.45596062432169027,1,1,0,1
0.4895770028009406,0.8177470451377538,4,2,1,1
0.1795397736340802,0.8111169633295371,0,0,0,1
0.47144306805100517,0.3941519008160553,3,2,1,1
0.38187972121491326,0.7355870483945809,3,0,0,1
0.6727073399123513,0.5896813349611572,3,2,0,1
0.2670045529393923,0.7614483256947397,3,0,0,1
0.30227175400233386,0.9004034684248604,2,1,0,0
0.710806005174116,0.7891541489212817,1,2,1,1
0.5687914254200354,0.8754924801877431,3,0,0,1
0.1686515450494923,0.6805106786719145,1,0,0,0
0.32782238604388125,0.5046201288876146,3,0,0,0
0.44330796499217956,0.6885445859590374,3,1,0,1
0.5114567170768194,0.8405059631774415,3,2,1,1
0.22748759025893486,0.6873464976472374,2,0,1,1
0.6262993540725548,0.63897331798218,3,1,0,1
0.14528630948659818,0.2567689316656368,1,1,0,1
0.19894559246096777,0.6002417702550259,2,1,1,1
0.6023465261187582,0.4800252647586531,1,1,0,0
0.3636903646161435,0.941151876137752,4,1,1,1
0.3820251713405609,0.9273930659956594,3,1,0,0
0.4548908710179597,0.8342942448783425,4,1,0,1
0.24013769523054207,0.6203548804956039,4,2,1,1
0.15360567411907258,0.8665163690725843,4,2,0,1
0.43706782949823186,0.8900247268685689,4,1,0,1
0.48516878572464944,0.6778973653084451,1,0,0,1
0.3907620700137533,0.6922508280324674,0,0,0,1
0.3121184966867391,0.6721419589267783,0,0,0,0
0.1936071638352238,0.6667227282857134,4,1,0,1
0.3084477965238216,0.5627095885871778,3,0,0,1
0.7091452144165179,0.7347071355646518,0,2,0,1
0.32298079775077165,0.6701594891407483,1,2,0,0
0.3185197384019374,0.7976114048697132,2,2,1,1
0.3527789977760654,0.7724531934708514,1,2,1,1
0.3080765888296502,0.6694136427409724,1,1,0,1
0.6053922167761071,0.6802750898170427,6,2,0,1
0.4960614325329442,0.8078655771860844,1,0,0,1
0.2720667827934776,0.5853727121020936,2,0,1,0
0.32035187516188257,0.8953720328723529,0,2,0,0
0.3454034422651957,0.8159875310457804,1,2,1,1
0.377778815286122,0.8336924730261002,1,2,0,1
0.257826835108249,0.9524282156443209,2,0,0,1
0.26971111587798346,0.7832476933732399,1,0,0,1
0.6187338768534095,0.7293634025570742,0,2,0,1
0.633366646071358,0.5042765642219075,1,0,0,0
0.2754827966833364,0.783256473250867,3,0,0,0
0.3090969836643635,0.8593828635782877,1,1,0,0
0.4784234190505654,0.7423927532621812,1,2,0,1
0.1401310954423685,0.7113224340162793,3,2,0,0
0.5859315564246659,0.6274480237156711,3,1,0,0
0.25327087625347067,0.9387696665527271,1,1,1,1
0.44995268413595196,0.8360409244182776,0,0,0,1
0.1105390841418474,0.755830099786848,4,1,1,1
0.4761200789032607,0.5303400693941931,2,2,0,1
0.4543092500739754,0.8848426819623755,1,2,0,1
0.4361119904120795,0.6653806062237981,3,2,0,0
0.21453431476354348,0.5230422714382195,1,0,1,1
0.2795983419428035,0.8070413641599417,1,0,0,1
0.3963058617765491,0.706423790292641,4,2,0,1
0.27116297038968235,0.7996850969341842,4,2,1,1
0.2374394815877166,0.8024735806996516,1,0,0,1
0.5753628710084628,0.8009153795014339,2,0,0,1
0.08282894697141684,0.8149807942703446,4,1,0,1
0.601422259967208,0.953426025691464,2,0,1,1
0.20324489901932993,0.8359441558297113,2,0,0,1
0.43653063484561005,0.7575038972689404,1,2,1,1
0.41785098136656623,0.8768042694712005,2,2,0,1
0.21506365175443853,0.6744031745494264,1,2,1,1
0.2748873536058208,0.7440203650858445,3,1,0,1
0.5088491551121509,0.9326713297273941,4,0,0,1
0.3261496735809366,0.6051669316064516,3,1,0,1
0.7842516097347925,0.5092200437458454,1,0,1,1
0.24735523658337266,0.6083548703334001,0,0,0,0
0.24765502610512288,0.7466219224757161,1,2,0,1
0.19696570942250013,0.7051579156907758,4,0,0,1
0.2563628453332048,0.7329320567709287,1,1,0,0
0.3514447419648598,0.6525021525500522,2,2,1,1
0.7679407475527725,0.7729465730760279,0,1,0,1
0.2587476660865309,0.7635086872244203,5,1,0,1
0.09258378111030462,0.8409317466543788,2,2,0,0
0.29277536044626346,0.8738759245581637,1,0,1,1
0.3557368553492988,0.7237258152308602,3,1,1,1
0.5972644789917837,0.532564626564984,4,0,1,1
0.37563578604495546,0.8670751601513969,1,2,0,1
0.2890843661723417,0.7145610411358045,1,0,1,1
0.24984163819687127,0.4999806861134991,4,0,0,1
0.4723392363323502,0.9037172032102708,4,2,0,1
0.3565468723108667,0.7476263383530185,1,0,1,1
0.4687865211548398,0.9002957203999752,2,1,0,1
0.19023985271351576,0.7667291095581651,3,1,1,1
0.3075917995695204,0.34700402696009086,2,1,0,1
0.4844747360122786,0.5218868230885771,3,0,0,0
0.1410940627050296,0.774834441358116,2,1,0,1
0.20362772486206057,0.7155951709584802,8,0,0,1
0.3313803983788208,0.83737443335943,2,0,0,0
0.5646662180502692,0.7376916256105835,1,0,0,1
0.6346589911991117,0.7613541302144803,1,0,1,1
0.21791252819972062,0.9325702225012807,0,2,1,1
0.45786971815680433,0.6343940463908482,0,1,0,1
0.6168646244355368,0.5291592989820874,2,1,0,1
0.4932611998701361,0.8842813572813871,1,0,0,1
0.3765913506229822,0.5841322189213477,3,2,0,1
0.4014137243509185,0.3514176228155025,2,0,0,0
0.24190821438577031,0.6907422543273048,1,1,0,1
0.2767755953704911,0.7182059078745258,1,1,0,1
0.31852081453041137,0.8741898617198318,2,2,1,1
0.3103704078358649,0.6388117490320595,4,0,0,0
0.29750184612576125,0.4034394164700114,2,2,0,0
0.19290352159831278,0.9420384581111477,2,0,0,1
0.6133892662359076,0.5169591554130213,1,2,0,1
0.35002160857312464,0.8087453954805649,1,1,0,1
0.2990283315008543,0.8945535247960736,1,2,0,1
0.15707883287173877,0.7625596750911925,1,1,0,0
0.4520688067006096,0.7895970237182163,2,1,0,1
0.24555945309567345,0.8434122797094852,2,0,0,1
0.2700872289059695,0.7236786773399515,4,2,0,1
0.26857635312199396,0.925070343618196,3,2,1,1
0.47561150989811657,0.9119434169405679,4,2,0,1
0.4144463535158167,0.7465883541900837,5,2,0,1
0.1108413384406118,0.9366177618216196,3,0,1,1
0.5769307840033709,0.8152370711448264,2,0,0,1
0.431766602251779,0.6610753195397523,1,0,0,0
0.3825448401726456,0.687626015501213,3,1,0,0
0.22924056115161542,0.6581736541606836,2,1,0,1
0.5384188293985538,0.8944220928044879,0,1,0,1
0.3576531596868656,0.6968828502899407,4,0,0,0
0.27434883878476607,0.7951517319370199,3,1,1,1
0.17100853919206316,0.3862371184213363,2,2,0,1
0.33569391269192833,0.8251631789362102,0,1,0,1
0.5833673652011375,0.7934165226354318,1,0,0,1
0.28953945505132106,0.5446546606528934,6,0,0,0
0.1486745603187073,0.84632933850547,1,0,0,1
0.28753035227713386,0.7573246599659098,3,0,1,1
0.2771056359264622,0.7788580664789627,2,2,0,1
0.36856506140491907,0.6289443565560128,4,1,0,0
0.2296782335926493,0.745202871941838,0,1,0,1
0.25650213594648846,0.40485493079992124,2,0,0,0
0.1514150963998395,0.5376265767272974,3,1,1,1
0.4315907988438397,0.9332279151939966,1,2,0,1
0.24914208330310017,0.5691784162606142,0,0,0,1
0.215475846079726,0.6411663890757817,1,1,1,1
0.5368069023560182,0.8627595433036364,4,1,0,1
0.598844361446976,0.7538210048470789,2,1,0,1
0.438778151582792,0.8439561075496564,1,1,1,1
0.6025194978530841,0.9533936887957483,1,0,1,1
0.5316578931032407,0.7616568105076744,2,0,0,0
0.33258772922294494,0.5941001926069356,1,2,0,0
0.1936081012450788,0.6165387672610937,3,0,0,1
0.2836667465133413,0.484910590746246,4,1,0,0
0.24601765238967557,0.7905120040124258,2,1,0,1
0.4567825613943386,0.6049494990326264,2,1,1,0
0.31653885166369894,0.7963924567125368,4,2,0,1
0.12548975060416112,0.3798268704672361,1,0,0,0
0.2952839836383879,0.690494137264021,1,0,0,0
0.23115266727926362,0.8437257032548734,2,0,0,1
0.058003387975097374,0.9500689539251993,1,1,0,1
0.18499713478781535,0.7309808289722558,1,1,1,1
0.6729414899181574,0.7782802762603271,3,1,0,1
0.15651358911167984,0.881348964611063,5,2,0,1
0.050698090925759366,0.5433530372615685,3,2,0,0
0.40503949090854185,0.766566247041953,1,1,1,1
0.2536258097091632,0.861547458042426,2,2,1,1
0.43754670155365843,0.8573371566098791,6,2,1,1
0.25573047581721625,0.5846647353497206,1,2,0,0
0.28504544506188206,0.6075011954533669,2,0,1,1
0.2597990673402088,0.7752181428262754,4,2,0,1
0.3426706373654845,0.8281307405893119,3,1,0,1
0.3253195905159608,0.7541551857583878,2,0,1,1
0.5371815411850571,0.7039836822104814,0,2,1,1
0.17178490421047582,0.71023644083304,5,1,1,1
0.3361795069922542,0.7125760136633785,0,2,0,1
0.30024010728663864,0.7950062515657474,1,1,0,1
0.5547813973086815,0.8659394467899918,2,1,1,1
0.47464727238056625,0.7640545573866491,2,2,0,1
0.5541061072347357,0.74586109645274,4,2,0,1
0.794007729147372,0.7780646521323132,3,0,1,1
0.44047003141437463,0.7553962387123597,2,2,0,1
0.1276760851636481,0.8220345409604818,2,1,1,1
0.6518927129993171,0.5533625884166401,1,0,1,1
0.40890261622135793,0.587253323371438,1,1,0,0
0.48130999853019785,0.18287100404630546,1,1,0,1
0.117925464315779,0.5206693104291561,6,2,0,0
0.4759342376732575,0.8668972971779484,0,1,1,0
0.41700006301590453,0.8039728222426547,3,2,0,1
0.43233133840551813,0.42128234950874627,4,1,0,1
0.3365669035804225,0.816145959208295,3,0,0,1
0.49571676570224377,0.6045597594162089,3,2,0,1
0.22383836867557466,0.8939795349435987,0,0,0,1
0.42827144958035,0.7979745663932893,0,2,1,1
0.16625828024517172,0.8730362640032178,2,0,1,1
0.1692257068355662,0.8237191292628552,2,2,0,0
0.6324079875723435,0.6998108732888813,0,0,0,1
0.23579178051405536,0.8045756723729673,1,0,0,0
0.20004982428210813,0.7157625454498088,0,2,0,1
0.5125202029724413,0.643901955496404,6,2,0,1
0.5793841535361883,0.7637735497481712,2,1,1,1
0.13987884357406652,0.5603435895160985,5,1,0,1
0.34383009028174255,0.5717393360846494,4,2,0,0
0.08582706314370521,0.7860896472123551,1,2,0,1
0.3265671311148924,0.7268764305765103,4,0,1,1
0.24623149191014315,0.8008752438374394,4,0,0,1
0.2603373065471099,0.674823003505723,2,1,0,0
0.5590502127759641,0.20601863933792605,1,1,0,1
0.2319592676281246,0.935600483600147,2,1,0,1
0.68466218011671,0.9344048180101489,2,0,0,1
0.22876906586914458,0.6794576156637533,2,0,0,1
0.41053968925361484,0.8190304809436049,4,0,0,1
0.14011167497094798,0.5460514346300074,0,1,1,1
0.32532441185401906,0.9622761025622515,1,2,1,0
0.24750653150029878,0.6709723960054387,1,1,0,1
0.4098438727109798,0.9134347112896287,2,0,1,1
0.5084114467507053,0.6295914170179162,3,1,0,1
0.3066532392880283,0.7486569389102281,0,1,1,1
0.10440761126187115,0.7637187557921148,1,1,0,1
0.30869296944810476,0.8589734928507932,1,1,0,1
0.44031973787760864,0.952373489276409,0,0,0,1
0.19795921141663456,0.8671109744562694,1,1,0,1
0.4631465128165579,0.8238574480433847,2,0,0,1
0.15021133869141082,0.930579631758073,1,1,0,1
0.22484132241633323,0.4518423148353352,2,0,0,0
0.3906435640366256,0.682254012283455,3,2,1,1
0.3407091590036377,0.9090131625857053,3,0,0,1
0.47440567484980206,0.531928577498417,2,0,1,0
0.06934768821490529,0.6955874022267984,2,2,1,0
0.3549566888408445,0.6636855622413876,0,2,0,1
0.32458490477817553,0.7436067244497765,1,2,0,1
0.4609996556987587,0.7857499898737409,1,2,0,1
0.4187212466909871,0.7265180557418651,2,2,1,1
0.3366203072233385,0.7943046098757403,6,2,0,1
0.4547675188908597,0.8566707274886767,1,1,1,1
0.04391614970017114,0.4557085060454649,1,1,1,1
0.18493581280679314,0.7430099498984418,3,2,1,1
0.23865719906664554,0.5277646848615055,4,0,0,0
0.3964402698770877,0.7982277043547562,1,0,0,0
0.3964296391200786,0.7165235436060452,2,2,1,1
0.13724539520725382,0.8027505646580491,2,1,1,1
0.29400463102010976,0.7666469821965579,1,1,0,1
0.43915077148530923,0.5455409146531104,1,0,0,1
0.23717567166183748,0.8064966519290734,0,2,0,1
0.14338232164041384,0.5302916623821161,1,1,0,1
0.30931946747444683,0.7325829373165138,2,2,1,1
0.708463823413337,0.9052987392133658,3,2,0,1
0.7063593559023121,0.8143619532678671,2,0,0,0
0.34545951625466026,0.7498484785237595,5,2,0,1
0.2937809001587653,0.7403773708527861,1,2,1,1
0.436502088972602,0.6512243165991005,1,0,0,1
0.42208962430162955,0.31364778417152184,1,1,0,0
0.17586236548098783,0.7794483773885298,3,2,0,1
0.16589417486547725,0.8189633655533699,2,0,0,0
0.5263387972379565,0.4598555035029631,0,1,0,1
0.16003988516386555,0.7670778822345681,2,2,0,0
0.5737964036968101,0.8372272813227993,2,1,0,1
0.11155461967898778,0.437435906563518,1,0,0,0
0.656355596100473,0.8454364974124836,0,2,1,1
0.29857897897169927,0.47397844354820073,1,0,0,0
0.09424697667158644,0.5620733885733744,3,0,0,0
0.5148223660144233,0.6123703990593,1,2,0,0
0.41430966685566,0.7429832705933497,5,0,0,1
0.39883478978144077,0.7094472444192624,2,1,0,1
0.30892448086272567,0.8106939205461703,3,0,1,1
0.3251265552395163,0.7879017647173014,2,2,0,1
0.2761672522590212,0.9447773034138103,0,2,1,1
0.3303960259686351,0.6335121599379226,1,1,0,1
0.4061739632172761,0.607577368069488,1,2,0,0
0.14797609318431867,0.24881078030551984,3,0,1,1
0.5053601087062475,0.5106060553792814,4,0,0,1
0.23978558946873801,0.831693197957858,2,2,0,1
0.08811128697128538,0.8916607330835856,3,1,1,1
0.30267540211596416,0.784568207765342,0,1,0,0
0.4167142835200498,0.9295702389908225,0,2,0,1
0.25929759677756453,0.5408592774055782,1,0,0,0
0.20494384034635427,0.6398217478326558,2,2,1,1
0.15871511268159666,0.583715631621258,2,2,0,1
0.33347550909425877,0.8558675432326265,2,1,0,1
0.1982954652166801,0.796937572430079,2,0,1,1
0.22602875196744562,0.5937798304798731,0,1,0,0
0.21074990729233634,0.7462711440647851,2,1,0,1
0.16199008275570842,0.8475587729474124,1,0,1,1
0.5675258026461212,0.9439831218894679,0,0,0,1
0.32174396124952415,0.7961758210190546,1,0,0,1
0.6184166643320114,0.8568193828217762,1,2,0,1
0.2763783241082824,0.9248866713793908,0,0,1,1
0.45145787153346634,0.3085452575487398,2,2,0,0
0.5614401259629141,0.8021081448102447,2,1,1,1
0.6305331633989005,0.7143003368003247,2,0,0,1
0.38043630697810904,0.7583573503118374,2,2,0,0
0.2957274179996615,0.7086156497114344,0,2,0,0
0.34500256451706995,0.6480141952006282,3,2,0,1
0.29856668836818784,0.6379216355303864,0,2,0,0
0.21798565864656363,0.3203939026252714,2,1,1,1
0.34692596924746794,0.44649208869063556,0,0,0,0
0.2522787415468823,0.6036474846225743,4,0,0,1
0.6259302382597631,0.7774523621036377,0,0,1,1
0.11084832791297643,0.6038318301642991,5,0,0,1
0.4062119900515182,0.5065596723815246,4,0,1,0
0.21399795152885406,0.4652754955994764,0,0,0,1
0.3914537507775406,0.699895545156843,0,2,0,1
0.30329110740940296,0.6990454757128448,2,0,1,1
0.339662868646705,0.570832110450857,3,2,1,1
0.28756679032378357,0.8339415600988596,1,1,0,1
0.30659560594351176,0.4755813925085479,1,2,0,0
0.17909894503580132,0.7950843934320653,2,1,0,0
0.3075339422635988,0.8676512189492825,4,0,0,1
0.2998296951831878,0.6664282793005932,1,1,1,1
0.2276631328557826,0.41583010668523107,1,1,0,1
0.37820837071208757,0.6586605603731394,0,2,1,0
0.27097690818571496,0.7262216101389408,1,2,0,1
0.2988176284996551,0.8181375652328358,0,1,0,1
0.5493274872198262,0.454778601289444,1,1,1,1
0.16692974902618973,0.8625736257249613,2,0,0,1
0.24375132284264353,0.9335364605955889,3,2,1,1
0.4425532050418807,0.4480062437802738,1,1,0,0
0.444830609198675,0.51376231711403,4,2,0,1
0.016002480227558746,0.6224495511317881,3,0,0,0
0.5125302641401861,0.5263839597582383,2,0,1,1
0.39216272563923266,0.5525866824266312,1,1,0,1
0.5594306843867393,0.8238194966343938,3,0,0,0
0.3210878920426217,0.44760384553825133,3,1,0,1
0.5020895628206277,0.8882963152069309,2,2,0,1
0.7622506912641236,0.5481390870670528,1,2,0,0
0.3759421005389016,0.8192353000965396,2,1,0,1
0.3187338440646226,0.3725742095924479,2,1,0,1
0.49070796591713084,0.7388052794646289,4,1,0,1
0.33930477329926295,0.9497726974077377,1,2,1,1
0.26008137867424413,0.7104779849333576,0,2,1,1
0.37657823460107387,0.4459112833172333,7,0,0,0
0.3645530370232413,0.4638070844359728,1,0,0,1
0.4158802988611691,0.5038356393171317,2,2,0,1
0.632736003277349,0.9530621706756769,1,2,0,1
0.3735735659953057,0.9723772802427437,7,1,1,1
0.21729093771525118,0.6392402638402223,1,2,0,1
0.7668290107947584,0.5804280397047094,4,2,0,1
0.1311300558789794,0.5524151129590007,0,0,1,0
0.41596151655494984,0.7053959635622311,1,0,0,1
0.19258430790569095,0.7730092058291876,3,1,0,1
0.503235272533862,0.9592678172410277,5,0,0,1
0.5576354635466736,0.6447433139470935,3,1,0,0
0.2749455979167635,0.8457068742684322,1,2,0,0
0.5104215956426372,0.6587679542333815,1,2,0,0
0.21164672634171713,0.7684219187930252,3,1,0,1
0.20799113914480227,0.5481169061980934,1,0,1,1
0.12373261796192815,0.7035712886289784,3,0,0,1
0.4384607093830886,0.7910843954949797,2,2,0,1
0.4880438274763687,0.8223256757250691,0,0,0,1
0.488148115893803,0.8368074146753904,0,1,0,1
0.2926257564999861,0.8193097493179164,2,2,0,1
0.21406094851769197,0.7050895422104297,3,0,0,0
0.16940211205119585,0.8108024794998517,1,2,0,1
0.3620454628084966,0.6652539304230584,2,2,0,0
0.7426781079823841,0.7795111950519796,1,0,0,1
0.5378292978590802,0.7228893764411742,1,1,1,1
0.575991906636859,0.7817982164250977,1,0,0,1
0.44147947086950895,0.7797026850288646,3,0,1,1
0.7980337337059132,0.5479528556771287,1,0,0,1
0.1600993912682719,0.7335393899891873,4,0,0,1
0.4370037553575675,0.8068212375951599,3,0,0,0
0.6197979493782013,0.5265900703731752,4,0,1,1
0.17610486387622198,0.7844509687326874,2,1,1,1
0.3566422229919589,0.8702293923258655,1,2,1,1
0.3810925873314279,0.7840855995104145,1,1,1,1
0.24990112631718997,0.5100261494760412,2,0,0,0
0.15387233815008705,0.5626701406724121,2,1,1,1
0.7103391867101265,0.709712434774195,2,2,1,1
0.20003502515407556,0.9764185706708969,4,1,0,1
0.2623441712704336,0.7529487569704756,1,0,1,1
0.2806145521553086,0.649225529702659,2,2,0,0
0.31114731031649673,0.7945232356309093,1,0,1,1
0.3689610269887972,0.6730081026377682,1,0,1,1
0.5228980422778011,0.6535569945368506,3,2,1,1
0.5274539133777427,0.6942412122603984,1,2,1,1
0.6480278932651711,0.7333056152013183,4,0,0,1
0.3938635977599779,0.9388971956824165,2,1,0,1
0.6773137324066816,0.7961264579004514,0,2,0,1
0.30986027528276894,0.46990866009023075,5,1,0,0
0.4094454391620593,0.8103107816696552,3,1,0,1
0.34682175827770584,0.9526020643551955,2,2,0,1
0.5330996411351866,0.8736788165608945,0,1,0,1
0.27424922866680235,0.7439813600799926,0,2,1,1
0.6344114603135467,0.4165934007607888,4,2,1,1
0.3509195696438277,0.8921194931511092,1,2,0,0
0.4141573170997086,0.8398890596096936,1,2,0,1
0.253116784257137,0.28931413308961346,1,1,0,1
0.35982570195328484,0.8339658053528344,4,1,0,1
0.3130380827586542,0.5389623686704624,1,2,0,0
0.41854130963265057,0.4963255525495809,6,2,1,1
0.6910362949818406,0.6945725508782096,3,2,0,1
0.7407039539254442,0.7475483930570324,0,2,1,1
0.5618390742826751,0.6091719052735325,1,0,0,1
0.10508734501426374,0.9032349939003633,3,1,0,0
0.41578843053994907,0.7931340437427551,2,1,1,1
0.18822725234990356,0.588482445243119,2,2,0,0
0.3873036312424418,0.864509331081094,2,0,0,1
0.23603741159183006,0.8171975539309541,1,0,1,1
0.40092893282257935,0.6488558445826793,1,0,0,0
0.6834494076234694,0.6614892001509083,2,2,0,1
0.4581036150303323,0.8677190028281505,1,0,0,1
0.29012579595432214,0.6423140819004979,2,2,1,1
0.29008323496368327,0.9320903565102769,2,0,0,1
0.5890269937531164,0.6184505613349504,2,2,1,1
0.4573167348028319,0.7258179691143076,2,2,0,1
0.5976600155594614,0.7499511843498555,3,1,0,1
0.4638716979378561,0.6867360550175376,1,2,0,0
0.3697900049585044,0.5647548114685201,6,0,0,0
0.47315482694438277,0.40726259099526463,2,1,0,0
0.7056310063316081,0.7915071459198154,1,0,0,1
0.3676326127336286,0.805425763750793,0,2,0,1
0.2740306794322541,0.9442943003301133,2,1,0,1
0.26895716693940547,0.9027100974344059,1,2,1,1
0.47209887165598907,0.6012564577596424,1,2,0,1
0.3042629354590954,0.6992603770793531,1,0,1,1
0.334279383720974,0.630177232379564,1,0,1,1
0.5722181935932626,0.7093821370189995,2,0,0,1
0.21392304972154236,0.7202348249740812,0,1,0,1
0.3660164661534868,0.8839708239871477,1,0,0,1
0.5805641229050048,0.5447077319149106,3,2,1,1
0.4212280788206928,0.34685224535813464,1,1,0,1
0.3904830676211762,0.8619486291015133,2,0,1,1
0.4820975839506178,0.7930977608130474,1,0,0,1
0.39679480794861066,0.600359100034326,0,0,1,1
0.3265957756593703,0.637021947667688,3,2,0,1
0.1078050019074797,0.35701225544743687,1,0,1,1
0.49078649041971195,0.8351744465344982,7,2,0,1
0.15520091506237493,0.7619685421301096,3,1,0,0
0.4948034731227455,0.1382712308121236,0,0,0,0
0.10482058631632941,0.7061779348109787,3,2,0,0
0.23975901965814367,0.5530676242189038,3,0,0,0
0.4259625676058542,0.8892942670052492,3,0,0,0
0.33660599975975153,0.9648994172855357,0,1,0,1
0.3017405353933787,0.9013507610755903,0,1,0,1
0.7383196082048923,0.7952696821917251,1,2,0,1
0.5229911307504825,0.7833987443042698,2,2,0,1
0.11442153373521993,0.7637070299790142,1,2,1,1
0.5975219136153821,0.7022072619492018,7,1,0,1
0.5798235241346429,0.5029360226475924,1,2,0,1
0.520011696645622,0.5999787662320614,0,1,0,0
0.27581956348573644,0.8377188005877926,2,1,1,1
0.49129262376875354,0.3703382448267764,3,0,0,0
0.3575997537491885,0.7125272271992555,3,0,1,1
0.5289319725809057,0.4347117058423158,2,2,0,0
0.21286103068504222,0.969650631517689,2,1,1,1
0.26439479252998915,0.7253609112946083,1,1,0,1
0.1849980042485632,0.9209239633551138,1,1,1,1
0.25222020122659616,0.8566388072044809,2,0,0,1
0.26959651550957847,0.7442217549380888,1,1,0,1
0.4252567922011443,0.6650945305889079,1,2,0,1
0.23369683156084883,0.6226351133396508,3,2,1,1
0.3578354032555869,0.673052348977349,2,0,1,1
0.5565435603821364,0.8432550626676663,2,2,1,1
0.4589687670724348,0.7434798505260503,1,1,0,1
0.3133380335742852,0.9592794497181093,2,1,0,1
0.056972806846381355,0.8047955922496756,3,2,0,1
0.3687077052648598,0.34279507573679613,1,0,0,0
0.30193972609837755,0.34584967390056087,3,1,1,1
0.1920876379021794,0.6633409024653899,3,1,0,0
0.38454122696111165,0.5142926290235401,2,0,0,1
0.5432349028670725,0.6508770517712457,3,1,0,0
0.23914071145352686,0.7397415295571762,6,2,1,1
0.496300731305671,0.7122829408105511,3,2,0,1
0.3246177773516883,0.8338110771630147,1,0,1,1
0.41203392501949937,0.6916886384861467,2,0,0,1
0.5489803793829505,0.6937297396000789,2,2,1,1
0.04744884963965378,0.7287831696989451,2,0,0,0
0.5037028442491898,0.7983385966919727,3,2,0,1
0.7348452080247789,0.5661945445456171,2,0,1,1
0.6496394927181786,0.6965583868960403,5,2,0,1
0.19147248642826162,0.5381598156769668,2,1,0,1
0.4122081125914924,0.8403217885971348,0,1,0,1
0.791982612756512,0.8284223289344383,0,2,0,1
0.3235519335372219,0.8432870899205109,1,1,1,1
0.5743687791151652,0.6293455428311701,3,2,0,1
0.40046551810505254,0.5271335100951445,1,0,1,0
0.3346402769167926,0.5499777052955688,1,1,0,0
0.5976051985633991,0.8029340936002034,2,1,0,1
0.567298742243829,0.7043610344252853,1,1,0,1
0.20028925648717585,0.5440991459300758,2,2,1,1
0.6182125438269093,0.42984724381610423,3,1,1,1
0.03264235248346219,0.80471754046146,5,0,0,1
0.31179405319802117,0.7943296822368808,3,1,0,1
0.37118804841333314,0.7354001977371398,1,0,1,1
0.3150668392970206,0.9736936843295585,3,1,1,1
0.3696348025259399,0.6548980948987781,0,1,1,1
0.2586578543127986,0.6570075665936916,5,0,0,0
0.3485944932290297,0.8737465203356548,3,1,0,1
0.5262123197825628,0.7234644225728979,1,0,0,1
0.4094106077521046,0.6350825606469197,3,0,0,1
0.6979309094346269,0.64745705820012,0,0,1,1
0.3830299951352962,0.49199105242952434,4,1,0,1
0.3401859597523709,0.7172151984653042,2,1,1,1
0.7978472499404751,0.7304668751888956,0,0,0,1
0.5640305757775977,0.7897712947730354,0,1,0,1
0.4721919116224266,0.7442240568942045,1,2,0,1
0.12831203273160127,0.9282550310142432,1,0,0,0
0.6536312796426897,0.5909833394086902,1,0,0,0
0.5177015155250848,0.6759752723287072,0,2,0,0
0.2188530981367321,0.7646003771715567,2,2,1,1
0.44684498365911096,0.7795342043502588,3,0,0,1
0.2115466281193354,0.9463672166355228,2,2,1,1
0.6116696262325766,0.6787775704561232,1,0,1,1
0.6176452118356397,0.8297470370841508,3,1,1,1
0.5798947641510528,0.6039093724004995,1,2,1,1
0.2905614999306174,0.8173169842881961,5,0,0,1
0.5445431422292608,0.7782213189858901,2,0,0,0
0.1505659462386592,0.9262774899592373,2,0,1,1
0.3765123062350159,0.7992089547326245,4,2,0,1
0.3215717184801081,0.7141986979887098,1,1,0,1
0.29341059991746943,0.750389357488982,0,1,1,1
0.1939237989570895,0.7647044241367357,3,2,0,1
0.388488085460872,0.6268628895617243,1,0,1,1
0.2158140922340886,0.6260963097738823,1,0,0,0
0.29460021278338616,0.7695520071533767,4,0,1,1
0.4820180032641203,0.764874803293257,2,2,1,1
0.36955797893515113,0.8454354894803896,1,2,0,1
0.31049729072045795,0.4149011805364549,3,0,0,1
0.22892525842686776,0.6659827972851594,1,0,0,0
0.4466516480519558,0.7231992683562676,3,0,0,1
0.4629846082275161,0.8293636324114868,4,2,1,1
0.2630683568016016,0.796244544307567,4,2,0,1
0.3106916341430148,0.6558144542093335,1,1,0,1
0.39028411895119797,0.7775697707028897,4,0,0,1
0.20602919321083918,0.7654194918702288,0,0,0,1
0.5390638999103854,0.61125335909042,0,1,0,0
0.41593183847791726,0.5657369867162129,0,0,1,1
0.2033457195878558,0.8170336798870049,1,1,0,0
0.2331887726039324,0.8249442454979655,4,2,0,1
0.04477147195529194,0.7263624430084754,1,1,0,0
0.2215003940951091,0.9030857959715797,2,1,1,1
0.11790074172685745,0.6874837230416675,1,2,0,1
0.2706019156723857,0.8417214693592394,5,0,0,0
0.2656656920018999,0.46686659196557684,1,1,0,1
0.1262373743479331,0.8093524203497592,1,1,1,1
0.3378160903522913,0.6871424577795018,2,0,0,0
0.6270894003566256,0.6813559358516621,2,1,0,1
0.7312963984233127,0.4775615345742856,2,2,0,1
0.11995182468864592,0.6202065688589895,2,1,1,1
0.42028480341903385,0.5660202957951219,1,0,0,0
0.4415800931435348,0.7965836020626562,2,0,1,1
0.4849412374615444,0.7244116737581684,4,1,0,1
0.29642133854912867,0.8445605987091128,4,0,0,1
0.45652658097982257,0.6914115999870717,4,0,1,1
0.5027423609507752,0.8851627828097621,4,1,0,1
0.6720744218827371,0.581490006197965,1,1,0,1
0.4039953319617571,0.9968444392314006,6,0,0,1
0.10822421159486274,0.5924625293224014,4,1,0,1
0.3174425392917447,0.8945381376154741,2,2,1,1
0.4153083514595466,0.9074407096345887,1,1,1,1
0.2811887560880848,0.8226130081601614,1,0,1,1
0.48571103125360837,0.4901366710783057,2,2,1,0
0.17593372298853419,0.5617945523765118,4,0,1,1
0.7124050681734377,0.9225715529098917,2,0,1,1
0.3012285816452138,0.6811349490701811,1,2,0,1
0.17743235715472241,0.7010486964827843,4,1,0,1
0.21524177315646503,0.8912560242285543,1,0,1,1
0.6008394980267522,0.350635006177465,3,1,0,0
0.22196976253011735,0.7879162953203958,6,1,1,1
0.423973023788222,0.865059429919264,0,2,0,0
0.6576141724623652,0.6925174125265732,3,0,0,1
0.2077101841290945,0.6052427955657981,3,2,0,0
0.6032836725898625,0.6527031862980922,2,2,0,0
0.5079266255993782,0.6309801598175738,0,0,1,1
0.11411934710137835,0.8514837156058797,4,0,0,1
0.5010831837861532,0.7476552023305164,6,2,0,1
0.5624011357512427,0.20606486098345167,3,2,0,0
0.10035881801642532,0.6980376332957935,3,2,0,1
0.3461293775799363,0.5963614924245474,1,0,0,0
0.37352836801864453,0.851293091545127,1,0,1,0
0.28849186300679397,0.73365095586806,2,2,1,1
0.28596271234931125,0.7257354948378891,2,0,0,1
0.16603337940995927,0.7017085372531058,2,0,1,1
0.42794417949762387,0.8422418967197173,2,0,1,1
0.03334441345185584,0.5620867743530871,2,1,0,0
0.3669376685797361,0.767881034061556,4,1,0,1
0.3178858115397152,0.8720995167747225,2,2,0,1
0.3249732880636514,0.7883352091108214,0,1,0,1
0.4725363225278726,0.6208574535283553,2,2,0,1
0.3349611040592022,0.7067402144410723,2,2,0,1
0.4086913225873385,0.699003813635597,3,0,0,0
0.32424565547075995,0.7780757127082314,2,2,1,1
0.2678193699595587,0.9837872747506065,3,2,1,1
0.3484551620883641,0.5774390712364464,2,2,0,1
0.5425918559027639,0.4515677044953228,4,2,1,1
0.4411970871379257,0.6561237063611743,1,0,1,1
0.05216617569003711,0.6759612123332064,1,0,0,0
0.4531449570313977,0.7995789911224467,1,2,0,1
0.4593360485523406,0.8653604531963929,1,1,0,1
0.10769415438822763,0.8655810565157586,2,1,0,1
0.500200076796723,0.3374721313005145,3,2,0,1
0.37445219843464655,0.5761886458279217,7,0,0,0
0.7100309110570124,0.4530537182080008,3,2,0,1
0.21737913420266058,0.8974110107493186,2,2,0,1
0.4378862682715342,0.5509123272443864,2,0,1,1
0.285113381876168,0.875107422141224,2,1,1,1
0.6066222951868137,0.9110823089696348,1,2,1,1
0.3352505406585006,0.5136772136093153,1,0,1,1
0.6642904019968826,0.6519412595023636,3,0,1,1
0.14967635501094909,0.7057035706605717,3,2,0,1
0.38694891489598654,0.8845794443168886,3,0,1,1
0.4429022254295978,0.4933513119589556,2,2,1,1
0.49029962467913435,0.88230519530065,4,1,0,1
0.6183162934724639,0.6494656953255014,2,2,0,1
0.40763106694095436,0.771136867233042,2,1,0,1
0.12677515587695945,0.9507856137331774,2,0,0,1
0.247149625200858,0.7643569300652563,1,2,0,0
0.17015241689858848,0.5903807709184653,2,0,0,0
0.7180384124104843,0.7456194261313838,0,2,1,1
0.3750107497540134,0.7240384130907512,3,0,0,1
0.2964340066260666,0.6970318224578984,3,1,0,1
0.4293370360276371,0.8437581823316435,3,2,0,1
0.4627443843843865,0.8086050658294077,3,0,1,1
0.38314069143739976,0.7928572506639869,1,2,1,1
0.446416317304168,0.5157772064844565,1,2,0,0
0.5234403617300294,0.9322759632199052,2,1,0,1
0.20843917150608074,0.7425993578307907,2,0,0,0
0.4013294939262894,0.8549735726133787,0,2,1,1
0.41927246184610134,0.5238481223772256,0,2,1,1
0.5422455005039611,0.9460143810326549,0,2,1,1
0.5434931439980397,0.6845197656723028,2,2,0,1
0.2627001869500573,0.9021275115117289,1,2,0,1
0.1592667945720948,0.7589805486228591,3,0,0,0
0.35433369213871124,0.5310424122225261,1,2,1,1
0.4478728560429276,0.8581193705826601,2,2,0,1
0.6026629601930579,0.4688915454498718,3,2,1,1
0.19605737094396475,0.7514209872447271,1,0,1,1
0.11869258126687275,0.893680279668314,4,2,1,1
0.213848745619561,0.47104556075745296,1,2,0,0
0.11579943372525284,0.6297233174375375,2,1,0,0
0.43503494367792556,0.9441412400346312,1,1,1,1
0.4061206942250761,0.6822880717638953,4,2,1,1
0.4757201313472865,0.8471161298008892,4,2,0,1
0.2157857466303677,0.8586132796082587,0,1,1,1
0.515075747347774,0.9377215169232783,3,0,0,0
0.2343108265401594,0.7546073373778863,1,0,0,0
0.42350960492849554,0.773963637933993,2,1,0,1
0.7274130655590234,0.5526778313574413,0,2,1,1
0.21760735988891164,0.8938444225366406,2,1,0,1
0.24970619874322153,0.8789421186286316,3,0,0,0
0.23209654625639997,0.7006336286623884,0,1,0,1
0.26950413365233017,0.866883154752547,4,0,0,1
0.24581755705348676,0.913848454290687,0,2,1,1
0.2856146930474461,0.7657380250921205,6,2,0,1
0.3213018211900202,0.7921585728460904,4,2,1,1
0.4542805722246872,0.6922138558206115,7,0,1,1
0.5511233671544111,0.7785608547732528,0,1,1,1
0.44303298523123363,0.3997086477971494,2,2,1,1
0.35954151808691914,0.7393323889754654,0,0,0,0
0.11452850393100511,0.35403912405343646,1,2,0,0
0.7140388348216011,0.6476816001220984,2,1,0,1
0.38615675750177225,0.9591924758938082,2,2,0,1
0.37574110327854776,0.675589957448665,2,0,0,1
0.6040200574820858,0.8293819904169618,1,0,0,0
0.30529579485250785,0.6853521786166629,4,2,1,1
0.365796554668076,0.8451061945076378,2,2,1,1
0.5076355213168852,0.8329523104316812,3,0,0,1
0.12036756842749814,0.8536472548320874,2,2,0,1
0.16911157869022508,0.36694126871424043,3,2,0,1
0.5399188966333026,0.658038264593894,1,2,0,1
0.1752546836071098,0.864682126326737,2,1,1,1
0.34783002875685487,0.5093922259035469,5,1,0,1
0.23724615283212516,0.6941999783736357,3,1,0,1
0.3046549896755531,0.4942696647322186,2,2,0,0
0.3821386999211296,0.8542676150544398,0,0,0,1
0.6529506616615351,0.6778433389152705,1,2,0,1
0.13420046006118388,0.14844820724033492,2,2,0,0
0.2588498382783873,0.8737447005282204,4,1,0,1
0.4285631598621697,0.9309861643886695,1,0,0,1
0.4367217485935545,0.6159908126598004,5,1,0,0
0.17885408486944035,0.8000148487734206,3,0,0,0
0.44341571529016155,0.5664945465763801,2,2,1,0
0.3765944114356929,0.6164035451095019,5,2,0,1
0.2999663826692234,0.8255492500543611,3,2,0,0
0.4337203461718649,0.6069077863359846,1,0,0,1
0.32693855914720327,0.7835708015721631,2,1,0,1
0.5906302658289933,0.5786019957949927,3,1,0,1
0.31649602353149336,0.8989738008006395,0,1,0,1
0.2821229727586215,0.8424569654797727,2,0,0,0
0.4236129579717364,0.9107684984620918,3,0,0,1
0.40394305756097226,0.8609401263119218,2,2,0,1
0.36322748090379836,0.7122531541770942,0,1,0,1
0.48520563955918683,0.7903809330274666,1,0,1,1
0.39098126798555466,0.5441280504937541,1,1,0,1
0.5415600045921093,0.8133684927995491,2,1,0,1
0.29884004382205004,0.7596888146144632,2,0,0,1
0.40312624708009376,0.6196472050560747,3,0,0,1
0.3689946908874751,0.2662647262045578,4,2,1,1
0.4930971772813712,0.9094148262965898,2,2,0,1
0.19015701769175516,0.8994285821544652,0,2,1,1
0.6023729316027446,0.9377139588640079,0,1,0,1
0.35156008567217967,0.602110073926507,3,1,0,1
0.35000509919218,0.7453528340042578,2,2,0,1
0.09049086809914579,0.8640110979846012,1,1,1,1
0.38442496474281856,0.8863151696398657,5,1,0,1
0.08792298386911408,0.32784305994294766,1,1,0,0
0.2462252486096003,0.8816607021822113,3,1,0,1
0.22506735881301107,0.7691334701053048,4,0,0,1
0.2703972417758295,0.8113947665438276,4,0,1,1
0.4215586411097078,0.5691768250459717,6,2,0,1
0.36839220457105415,0.9331645763152266,1,2,0,0
0.30681183885050517,0.668597006816296,4,1,0,0
0.15960686734546084,0.7692978494165656,4,1,0,1
0.1608461336414154,0.6627800976102189,1,0,0,1
0.5057123364716202,0.7303798200842226,1,1,0,1
0.33943235687205126,0.9261866394946728,3,1,0,1
0.3067636274846562,0.7594290721048391,7,2,0,1
0.6413570481253017,0.7717168321306632,7,1,1,1
0.34735434759937067,0.5503373049182905,1,0,0,1
0.3738297879783433,0.9099630406151029,2,1,0,1
0.29985066198641486,0.7934049623902613,3,1,0,1
0.5498960336939452,0.6093611264303768,2,1,0,1
0.25382297737981824,0.6803316565636854,4,1,0,1
0.44547605854273287,0.8176210807830863,3,1,1,1
0.5820061977063705,0.8733994487293794,0,0,0,1
0.39020851566381554,0.8770272281530119,1,2,0,1
0.1936510463719475,0.5572950409077811,1,1,0,0
0.35839505384902304,0.7216633685458681,4,2,0,1
0.20661915865031694,0.8102963251298454,5,2,0,1
0.14939270529184437,0.5897017669156431,2,0,1,0
0.38097724627199525,0.8669916571845151,2,2,1,1
0.2158840136931568,0.92819281328405,6,1,0,1
0.391310502522441,0.6398687915534196,2,1,0,1
0.25204291732429496,0.58157491657337,3,1,0,1
0.427461800935602,0.7689641520657127,2,1,0,1
0.189504565365221,0.7176224959971015,5,0,0,1
0.1739734259858931,0.5869419145493917,0,2,0,0
0.40743988403598014,0.6672581806018608,0,0,1,1
0.5447405096572892,0.6908127826089705,0,2,0,1
0.4860159300189249,0.5123391334782195,1,0,0,0
0.19626115688158566,0.7473250493654451,3,0,0,1
0.7831888981465193,0.6421629715489624,1,0,1,1
0.2503372816498779,0.6402388353355125,3,1,0,0
0.25369087185835076,0.5246610803653131,1,1,0,1
0.6723860951497111,0.5001926174203873,3,0,0,1
0.4621350010962947,0.7248264041676302,1,2,1,1
0.4112130773530584,0.9286553237788128,4,2,0,1
0.27962189326465603,0.26596503461681914,1,1,0,1
0.5885485413681768,0.7128877600089948,6,0,1,1
0.30669365888794603,0.7224562801741342,6,1,0,1
0.3152106317745367,0.7521838749652721,3,1,0,1
0.2932748311833202,0.5977954285985623,1,1,0,1
0.2054854830965123,0.6847637944927741,1,0,0,0
0.47855051208237137,0.8049208897661241,2,0,0,0
0.5327161157762064,0.8560555995978755,2,1,1,1
0.14359603252293524,0.6629070581918919,0,0,0,1
0.2875203173843677,0.8464160837747309,2,2,1,1
0.19998023290491423,0.8093660260766508,1,2,1,1
0.29270676458791933,0.7965659315098519,5,1,1,1
0.2092195965341024,0.6433058953704627,1,2,0,0
0.3512757116461609,0.5068850668490101,1,1,0,0
0.6260647859915468,0.8771341077096506,2,1,1,1
0.2727947488361108,0.5310864892207854,0,1,1,1
0.49144530588928964,0.7784214337844444,1,0,1,1
0.4338186495487976,0.8863185525610205,3,0,0,0
0.6254241223302769,0.6742098573424783,0,0,0,1
0.12447638586552391,0.9042465838065525,4,0,1,1
0.12190673779948098,0.6289343534094892,1,1,1,1
0.2949691278615263,0.8003078620881157,0,0,0,1
0.3633033733456584,0.6158338416555657,4,2,0,1
0.44090948404534747,0.8028295420470994,3,2,0,1
0.2252607891087387,0.5459068180020177,1,0,0,0
0.10049885408244087,0.7820869401172821,3,2,1,1
0.7669205623403987,0.6491177679979812,2,2,0,1
0.2904992037833987,0.7991514560900331,3,0,0,1
0.567537263920815,0.5772717105447974,1,1,1,1
0.2184476581491881,0.8485560151654882,1,1,0,1
0.3381002281679525,0.5682649862512952,2,1,1,1
0.17745720951953925,0.6714856978508512,1,0,1,1
0.7097336231941451,0.6519582099096788,6,1,1,1
0.27549703612724374,0.8278986935182048,3,1,0,1
0.15127974225584356,0.716379163759206,5,2,0,1
0.6261550107140595,0.8659286364710429,1,1,0,1
0.2910219810646702,0.7700950288064791,1,0,0,1
0.6379584551264493,0.8260178987107765,3,1,0,1
0.4893959089885385,0.5574253005251356,0,2,0,1
0.42533478955989773,0.8514963865447261,1,2,0,1
0.48755433169710016,0.6724332478023911,0,2,0,1
0.27649519701346975,0.5649582152885702,2,2,1,1
0.27683349540215657,0.4013849323329379,2,1,1,1
0.3900962075161651,0.7511237452809149,2,2,0,0
0.526173398987169,0.8423323184036391,1,2,1,1
0.3794590511171566,0.6736478582272137,1,2,0,1
0.09432113105982157,0.8753944806454284,1,1,1,1
0.44385953943175865,0.7546780493590488,1,0,0,0
0.32790823317851103,0.3702605863827722,1,2,0,0
0.3838833655784874,0.7346676315429777,0,2,0,0
0.3459633533113255,0.3799973976409911,2,2,0,0
0.3369846728909279,0.6026281580157783,3,1,0,1
0.37563672076947624,0.9817565169319565,2,1,0,1
0.5487113835110553,0.8590131595750025,6,2,0,1
0.19199534828809584,0.457467831463632,2,0,0,0
0.31820537758140854,0.8515573777329835,7,2,0,1
0.1687034053194205,0.5620919171820864,0,0,0,1
0.33161810463221314,0.8895625459986614,2,0,0,1
0.3822992436337625,0.8408368881694173,2,1,0,1
0.21356759663144625,0.7162197474724187,4,1,1,1
0.42380905095201626,0.9250130799103444,2,1,0,1
0.4314655832436028,0.7205267252169665,1,0,1,1
0.24114870777740294,0.6805048625722124,1,0,0,0
0.36163819372609063,0.7513997614172079,6,0,1,1
0.11058331057042294,0.8117482571081167,3,1,0,1
0.21537020848464822,0.8299043683180346,0,1,0,1
0.2907218433295939,0.6411398520110517,2,1,0,1
0.27743908284787283,0.5405968271356969,5,2,0,1
0.14509391696874963,0.9398392723146397,1,0,0,0
0.17811143366301918,0.8661748714118358,2,0,1,1
0.3086201496975513,0.766249293822099,0,2,1,1
0.5797418464307391,0.555302525134447,3,0,0,1
0.5128408371715353,0.7556765488220579,1,0,1,1
0.3608990922424936,0.6985308742921952,2,2,1,1
0.46452499318057056,0.7720347346239362,2,0,0,1
0.59052189091655,0.70711511375607,3,1,1,1
0.8009367697083006,0.7797158076776216,3,2,0,1
0.34831236962932405,0.7502218130113468,1,0,0,1
0.23746791731030276,0.732010461718881,1,1,0,0
0.11124850091368438,0.7137717717593975,1,0,1,1
0.44893329218147887,0.7489636160665312,0,2,0,1
0.4973905746514445,0.6322750045664454,5,1,0,0
0.4290504266018527,0.9104618045807646,2,0,0,1
0.27726755828910415,0.8267322649651021,2,2,0,1
0.3703992958006564,0.7388568046379487,2,0,0,0
0.07008495698816769,0.8666461939608546,2,0,0,0
0.35788739197778235,0.8089673377844694,1,1,0,1
0.5766703007022703,0.6868436349859134,1,0,0,1
0.13793365236311195,0.6978036193644773,1,2,0,1
0.15322149006730743,0.7300150849172743,0,2,1,1
0.27286039185678057,0.9002828526377068,4,1,1,1
0.21910026092665708,0.7173095256518166,3,1,0,0
0.527555066018466,0.8108456887473579,2,0,0,1
0.20594996158786263,0.6982625998976235,5,2,1,1
0.23244859603451803,0.6762199185773872,4,1,0,1
0.30080706376047855,0.632234819961272,3,0,1,1
0.3677563049772838,0.5588509603840494,3,0,0,1
0.2342065918348676,0.7492555613536307,2,2,0,0
0.36044498965208494,0.7793224361382423,1,2,0,1
0.22200217717924675,0.6465070847651753,4,0,0,0
0.2955872832999271,0.8621506105722453,3,2,0,1
0.17346310172448334,0.6488322694375485,2,0,0,0
0.5467339287284236,0.83614322567086,5,0,1,1
0.4860920194201742,0.6280616120771618,3,2,0,1
0.27014654935289667,0.6812069196946606,1,1,0,1
0.659401700890976,0.9023445407970635,1,0,0,0
0.28623561876965703,0.6581739987021322,3,2,0,0
0.3027953503440855,0.6503744471585169,0,0,0,0
0.24651779195677362,0.6269727070895958,4,0,0,1
0.18572357417325205,0.5918427084242299,1,0,0,0
0.18875783074785688,0.7237272762034507,1,2,0,1
0.6253212775601028,0.5135592451738208,2,2,0,1
0.4074638427207776,0.6698767088417997,3,2,1,1
0.2781648801289663,0.7881751995562851,2,1,1,1
0.21016820969140004,0.6940608712791183,2,0,1,1
0.3451473930205126,0.6711455087684509,2,1,1,1
0.5274211401712782,0.776460131806131,1,0,0,1
0.1775776064837553,0.9252874241424012,1,2,1,1
0.21620307783733553,0.8689904298723837,3,0,0,0
0.3473898683241718,0.5305615062583586,0,0,0,1
0.5153499748176164,0.8269105826882123,2,0,0,1
0.13373525881706688,0.5497007040837187,3,1,1,1
0.47642495992900047,0.8715258727030382,4,2,0,1
0.7247945069964461,0.9481406525689676,5,2,0,1
0.43003095352204684,0.7982512322769642,0,0,1,1
0.3622463614393518,0.7556407676055055,2,2,0,1
0.1268313429232248,0.7071234604711865,2,1,0,1
0.10289323439182844,0.8009778515525795,1,1,0,1
0.42778195302670763,0.946946483977696,0,2,1,1
0.1020739804423452,0.7060912062647129,1,1,1,1
0.3434387771349927,0.48098741837039743,3,1,1,1
0.21192112637692193,0.722225697558775,1,2,0,0
0.418615706426601,0.7548908841625839,2,2,0,1
0.5005540135673654,0.9736714233220999,0,0,0,0
0.4971370247788488,0.7850568711522292,2,0,0,1
0.47153583804192967,0.8417525611119239,4,1,0,1
0.41809975358291773,0.9444244800050522,1,2,0,1
0.5331191190014986,0.715607752490879,2,1,1,1
0.4183988221980602,0.7075228048505992,2,2,1,1
0.29520335136104986,0.7074290905248182,1,1,0,1
0.09532676311662425,0.5903281151151551,4,1,0,1
0.5901111774477389,0.9153213027430539,1,1,0,1
0.7106798506748655,0.6207147621646253,1,0,0,0
0.3014650489891863,0.6429468888220912,1,2,0,0
0.29465026844095765,0.8363724941592748,3,1,0,1
0.11005834998748067,0.41778330469957803,3,0,1,0
0.3049483870623353,0.7277031819179854,3,1,0,1
0.36436501571156,0.7824202557870653,4,1,0,1
0.20734077645603,0.8535551839297282,2,2,1,1
0.20743323657710452,0.925345901258728,3,1,1,1
0.37137317118204166,0.2562735427870615,0,2,0,1
0.3383698656144992,0.6028806456828334,2,0,1,0
0.22068906132027202,0.8184147256857319,1,0,0,1
0.586830976189943,0.6650902576915623,1,1,1,1
0.04726406343403287,0.7093927444043384,0,0,0,1
0.5645218574316053,0.7529548613529704,1,2,0,1
0.22482149573550056,0.6726595204967606,2,2,1,1
0.34622673944302546,0.35768848724886115,4,0,0,0
0.42310981298956374,0.8568201331100499,5,2,0,1
0.36763507602804324,0.5494056443880998,1,2,1,1
0.3247208595357388,0.4665229534843963,2,1,0,1
0.3018271014185286,0.8807600427319788,2,1,0,1
0.3497625887701299,0.7470922574371871,2,2,1,1
0.5145113056690308,0.9309824492079134,0,0,1,1
0.4685162518358561,0.9136694968289584,3,2,1,1
0.18553378718174834,0.6629502351347433,2,1,1,1
0.6211350315754817,0.8666973237476423,1,0,1,1
0.17158353637935442,0.8574142694343644,4,2,1,1
0.5599601626024103,0.4034021543243542,0,0,0,0
0.45948697209075445,0.6587308727074669,4,0,0,0
0.16802166950917452,0.9264640067702142,4,0,0,1
0.5461241538630195,0.8814873730409202,1,2,0,1
0.4629634412439396,0.9030168515609042,1,1,0,1
0.42846794961323437,0.7355546663976279,1,0,1,1
0.2535964133873296,0.8438848507618024,4,0,0,1
0.38419269928703875,0.8656919642284601,0,2,1,1
0.22883986279331925,0.7719823139960884,2,1,0,1
0.38046336263366287,0.7356671536261213,2,1,0,1
0.1760168860820636,0.7644160429766049,2,2,0,1
0.6528424519147729,0.9153156846683538,4,0,1,1
0.37337210159322065,0.9358196721541423,4,2,0,1
0.3130170647638591,0.6731551103359159,4,1,0,0
0.4525770787145366,0.7426654334018762,2,0,0,1
0.6541640799932824,0.7374534325691898,4,0,0,1
0.2513089222863761,0.8349514391010607,3,1,0,1
0.47956166394006833,0.6897691498025122,2,0,0,1
0.3955298027461269,0.5945959585340826,4,2,1,1
0.351122460239247,0.7661502158643255,2,1,0,1
0.06797165600793764,0.8589529070538081,2,1,0,1
0.44548705806713007,0.5444976683051249,1,0,1,1
0.505248519773749,0.45848501140563735,2,1,1,1
0.577905308076855,0.7818505341277266,0,2,1,1
0.501593181964447,0.8934545640901274,2,1,0,1
0.31764336223764295,0.8467919185244996,1,0,1,1
0.22160439510736474,0.6538707411195518,1,1,0,1
0.07701227192338432,0.8325015193356489,3,0,0,1
0.5068746153532158,0.4709436940972727,3,0,0,0
0.4079496643564973,0.8598540599283453,2,2,0,0
0.36321432863137704,0.4887740293771243,3,1,0,1
0.23346528712897938,0.36869549894440495,2,2,1,1
0.12536701322981636,0.4368409708255178,2,2,1,1
0.6860465688372821,0.9052063307473188,1,1,1,1
0.6166411643153208,0.9438591575731425,2,2,0,1
0.6734905471358114,0.9137763972001428,0,2,1,1
0.6557494904505466,0.9349125164370914,1,0,0,0
0.3767531376515264,0.383185902385909,2,2,0,0
0.2693845761377926,0.8797882746227593,1,1,1,1
0.30699878331090885,0.7247542407082352,1,0,1,1
0.2516216295325652,0.6787007063069738,3,2,0,0
0.267836148458687,0.7233119434616804,3,2,0,1
0.4420273396348599,0.8844205855095061,3,1,0,1
0.2019431590983058,0.6046231344902218,2,2,1,1
0.39603442705368125,0.9680844817704198,4,1,1,1
0.16178953500877344,0.6163499096946986,2,2,0,1
0.3712473956166355,0.8374340949758465,2,2,0,1
0.3736786994526475,0.682636310956094,1,1,0,1
0.6362175734103753,0.9467330829677205,1,0,0,1
0.18591146282882717,0.7824076954735292,1,1,0,1
0.26277806858652775,0.531505041533014,1,0,0,1
0.28182336293615023,0.7477470744475478,1,0,1,1
0.5118756836467351,0.6521240621066255,3,1,0,1
0.4298452672923596,0.7411977959440269,2,1,0,1
0.46011997502710333,0.8004534905730142,0,2,1,1
0.39718414898767634,0.6550967119976538,2,2,0,1
0.2079273136319333,0.36995346192740536,1,0,1,0
0.2636650647223324,0.7112526363912289,2,2,0,1
0.4771279406342285,0.6179445771785674,2,1,0,1
0.42358983700110114,0.43355480212702835,4,0,0,0
0.2983907556400586,0.7334998701389908,5,2,0,1
0.11166049313874471,0.9223963801788175,1,2,1,1
0.21026893651832027,0.757951337034614,0,1,0,1
0.4618041901597879,0.706211544318896,1,1,1,1
0.22869816868264997,0.8128991199082296,4,2,1,1
0.6363982756190925,0.7916489952860282,2,0,0,0
0.7872720134357032,0.7289415451661749,1,0,1,1
0.33408805545232334,0.7310259634962086,1,1,0,1
0.5135714835950074,0.5089444217131195,4,1,0,1
0.432489085980113,0.854965067920622,2,1,1,1
0.5059451233830601,0.7887084538479591,1,2,0,1
0.7041757540957378,0.35741213008858574,2,2,1,1
0.36516747456140675,0.9066883385222381,2,1,1,1
0.051036794301453026,0.9050425343738164,5,0,1,1
0.2111775796961179,0.7435889478914394,3,1,1,1
0.13673657501887002,0.9033076379429388,4,1,0,1
0.4868386242497095,0.6306783608442815,1,0,0,0
0.26208418993868476,0.40132576585934915,2,0,0,1
0.15674286709667656,0.9173957318666404,2,0,1,1
0.06659680226465743,0.8870627190274407,0,0,0,1
0.5657471852173853,0.5736097717203191,1,2,1,1
0.5289448449055022,0.6920790904072097,0,2,1,1
0.2868236731891644,0.8410779366549955,3,1,0,1
0.5707220785799676,0.6913442835496987,3,2,0,1
0.10674346462707239,0.7410645436592784,1,1,0,1
0.4009210332680779,0.8236418698899889,0,1,1,1
0.34591292698668735,0.8466502693875299,1,0,1,1
0.3429948243347468,0.8333408592686299,2,0,0,1
0.2551396499276252,0.9408764783915644,1,2,1,1
0.6511985883431688,0.8652668745568213,0,2,0,1
0.22228319952870626,0.839262063081155,2,2,0,1
0.6463850813540432,0.7533499872931789,5,2,0,1
0.8337153386565906,0.9355876275847431,0,0,0,1
0.4867751126169143,0.8046688769312789,2,0,0,1
0.30126193758280667,0.8386688269413595,3,2,1,1
0.5053708978109768,0.6930099073628783,2,1,1,1
0.5287571998823463,0.8004669778746737,2,0,0,1
0.5276557486948782,0.85590293270148,2,0,1,1
0.4441155424049522,0.8250178061623136,2,0,0,1
0.4348758644758229,0.4246012613829265,3,0,1,1
0.5913180256059402,0.7620393230084852,1,2,0,1
0.44355453410442164,0.7521767380308815,6,2,0,1
0.4378368846729302,0.5802029483747441,2,1,0,1
0.47681678311341563,0.8016213162497585,4,0,1,1
0.6959083636532283,0.9285178316078537,1,2,0,1
0.7210450808956456,0.5948965956853489,2,2,0,0
0.137100241307181,0.9091854316632566,1,0,0,0
0.5640747294138485,0.8247011682438142,2,2,0,1
0.19020924550263202,0.9107680831086938,1,2,0,1
0.38016677839545254,0.5119030357020656,7,2,0,1
0.1998582360776286,0.7266121346184072,2,1,0,0
0.28849408489995404,0.7590809068138266,0,2,0,1
0.12481677252708571,0.9332498925615498,1,0,0,1
0.5303383887884627,0.8987666309784036,4,0,0,1
0.4820110959145054,0.6680732913913079,3,0,0,1
0.739879701012905,0.7156458923067197,0,2,0,1
0.5093363927326098,0.8183605624251246,1,1,0,1
0.12854104730358826,0.7966515476993682,0,2,0,1
0.5712825587153532,0.6806090548844679,3,0,0,1
0.2476368933148841,0.7134179015278802,3,1,0,1
0.40474476628909384,0.8210113685886022,2,1,0,1
0.18629360953459717,0.7457245154957647,0,2,0,0
0.6678537915686592,0.6819459799917766,2,0,0,0
0.2637898843007728,0.6856352647691173,3,2,0,0
0.2576589470184118,0.6016242317047212,1,0,0,0
0.6184450235781729,0.6808699060041337,3,1,0,1
0.28744439097159147,0.6341649548017856,4,2,0,1
0.6119334816992197,0.7405330393784026,4,1,0,1
0.3566443066146095,0.5465577644663274,3,0,1,1
0.3069776784069346,0.9200760351941379,3,1,0,1
0.14024030752076255,0.5280342514571736,1,1,0,1
0.5441082761003173,0.7527871209163525,2,1,0,1
0.697722154207716,0.839489717738902,1,2,0,1
0.3889995853643776,0.7994809198947601,2,0,0,1
0.6733877863520403,0.5721113898461884,4,1,0,1
0.2323076322463166,0.6760737191762829,0,1,1,1
0.4366087482827896,0.45226504635530757,2,1,1,1
0.2724331367703507,0.6486765460222301,2,1,0,1
0.6152745844433367,0.7405349159788696,3,0,0,1
0.3001410669644869,0.7103992153045683,1,0,0,0
0.4201293670280503,0.6945788303048693,1,2,0,1
0.5421175770005678,0.8191665216726718,4,0,0,1
0.6385422774322451,0.5500781997981721,5,0,0,1
0.672004973727249,0.8124907372050058,2,1,0,1
0.1112600183203072,0.3896714010452751,1,2,0,1
0.529901876238865,0.8921207753076481,2,2,0,1
0.38694703447744583,0.5791232723175009,3,1,0,1
0.40533660168602087,0.9700555485172077,2,2,1,1
0.44328291489318544,0.8105976828128723,4,0,1,1
0.19827008042736888,0.7460816514348025,3,2,1,1
0.48303190438092886,0.7732080511192656,3,1,0,1
0.25960977120307194,0.7692529423596649,2,2,0,1
0.16511004227597592,0.6500090917917277,4,2,0,0
0.5268991484589014,0.4660878225996584,4,2,0,1
0.5387177085292856,0.7446456638573816,2,1,0,1
0.579509469928969,0.7980183496317421,2,0,0,1
0.33221650465515534,0.4878949796154198,0,2,0,1
0.6546677065489855,0.7976012958862425,1,0,0,1
0.41495687447384033,0.8419032406413698,2,0,0,0
0.5971648325007107,0.7578900129761079,1,0,0,1
0.5792781655301374,0.5877871470195508,4,2,0,1
0.29932254640055245,0.5733745484241352,0,0,1,0
0.2951487432401221,0.7009931377681643,2,2,0,1
0.4149216836337203,0.5939302444365636,2,2,0,0
0.7026553029736259,0.720826556684694,4,2,0,1
0.3448030594143717,0.8153044869178763,1,0,1,1
0.41422273842442386,0.49862985794977355,4,2,0,1
0.45015026797108154,0.3981850908046785,2,1,0,0
0.2991041736970735,0.8567806256155226,3,1,0,1
0.6401910697613299,0.6913160446835944,2,1,1,1
0.29799900502463067,0.8951181641589254,1,2,0,0
0.47021631271446573,0.7826252367149769,1,1,0,1
0.49068484545847946,0.6208707029958426,4,2,0,1
0.5310078977580546,0.641477145543835,2,2,1,1
0.4430177206185751,0.6658606863241854,1,2,0,1
0.2471365774772894,0.5669671279510057,3,0,0,1
0.6420894711761866,0.7272164893239154,3,1,0,1
0.05166250936164494,0.3811815471708653,0,2,0,0
0.3594323005587576,0.8524697304661887,5,1,0,1
0.41047576187943124,0.9170624431873245,0,1,0,1
0.45812686497394417,0.7974350694180548,5,0,1,1
0.29442219001239894,0.7778296039012883,1,1,0,1
0.4829323413759296,0.5208739069872761,2,2,0,1
0.45206992695886433,0.7226558166592886,4,2,0,1
0.5150634100453271,0.7766809769277412,1,1,0,1
0.528046011913643,0.7261157340834031,1,1,0,1
0.4748117782399981,0.8234697673583139,2,0,0,1
0.5540895455142831,0.7872393158829398,5,2,0,1
0.44690515265926434,0.9299917142293083,3,1,0,1
0.2466088987333069,0.9274584868006923,4,1,1,1
0.22709415713208378,0.8668207063321159,1,2,1,1
0.44036403043156674,0.4655991393067179,1,1,0,0
0.23559209534231002,0.7938931992088191,6,0,0,1
0.09398179894332549,0.7143210430139838,1,1,1,1
0.6447721492084195,0.5101413693377794,1,1,0,1
0.7083826806513343,0.8526290328764325,2,0,0,1
0.2516648645941949,0.9233645978647017,2,0,0,0
0.3106069128672552,0.7147056729206435,2,0,0,1
0.2658476626087811,0.8240196721411455,1,2,1,1
0.4404173799774446,0.9606944931933153,6,1,1,1
0.24689023928360398,0.6560254066356673,2,1,0,0
0.2981310943268918,0.843955553438362,1,0,0,0
0.5094520778407328,0.5685832723918766,1,2,0,1
0.19214265904688754,0.6982918070730204,4,0,0,1
0.38190783269487877,0.59831811165399,2,1,0,1
0.17039207960849706,0.9475943404493363,1,2,1,0
0.21026892914659764,0.37316840190961703,0,2,0,1
0.15525438621115373,0.6035298571135524,1,1,0,1
0.3785653314618146,0.3962389096796991,1,2,0,0
0.3764505710652839,0.34717088323576356,2,2,1,1
0.07575615751117175,0.6423842483989217,4,0,0,0
0.3508928015642431,0.7974517305056907,1,2,0,0
0.1539752092663256,0.7058251114520528,3,0,0,1
0.7028325231409842,0.6345697293958742,2,2,1,1
0.5293702500442579,0.8547974652571074,2,0,0,1
0.4652628124243533,0.869871287888761,4,0,1,1
0.5348597187426565,0.9113582872422641,1,2,0,1
0.3301551496676451,0.7993965396953168,1,0,0,1
0.5123712767159752,0.6837455810259097,2,1,1,1
0.24324321099428795,0.4482169662289328,2,1,1,1
0.36089146857157034,0.9563523960461238,3,2,0,1
0.20186657517272186,0.8240611794191254,1,2,0,1
0.7879145988409836,0.9019671918033896,3,2,1,1
0.10875018125345332,0.7715620429401921,1,1,0,1
0.2098651262837037,0.8769426592708879,1,2,0,1
0.23292684282767206,0.47721548260662155,3,2,0,1
0.6460465076440673,0.8555533999829387,2,0,0,1
0.3465407348664742,0.7458170877348871,5,2,1,1
0.24298950895932045,0.7711899486062146,0,1,0,1
0.4791300786543908,0.8408161712384185,6,1,0,1
0.7764952937880053,0.677257494597923,1,2,0,1
0.30284286144450123,0.8457566487531409,2,1,1,1
0.5420737102370152,0.5801338417925886,4,0,1,1
0.5701869386465016,0.6890796400320287,3,0,1,0
0.25910557922313965,0.46212210156095523,3,2,0,0
0.1649558193237587,0.591378490024146,1,2,0,0
0.2828201750251273,0.6634492815098018,2,0,1,1
0.4433999459061618,0.9177886509449096,4,0,1,1
0.36021512183821797,0.5952476139709607,0,2,1,1
0.31332638796891754,0.5569219442103753,2,1,0,1
0.2266504545194141,0.7706819957452662,2,2,0,1
0.22222734186726903,0.49875069013566936,1,2,1,1
0.4476614206063957,0.49424701689847905,1,2,0,1
0.30334338704147534,0.8666527032055655,4,2,0,1
0.3649944912641895,0.7030549825660068,3,2,0,1
0.05141731134998633,0.8917989573493722,4,2,0,0
0.27059450189345885,0.5396259040905366,2,2,1,1
0.6148334216145578,0.7066484715110543,3,1,0,1
0.5804509561700979,0.7223647228390158,2,2,1,0
0.6046970510331651,0.7090207941963237,3,0,0,1
0.5489708839248045,0.8268101222535541,3,2,1,1
0.41075348286594615,0.716314236973561,0,1,0,1
0.5441949905749478,0.9732668010618187,1,0,1,1
0.3013908704528822,0.8174054451461449,3,2,0,1
0.5794682316781417,0.7940291117536322,2,2,0,1
0.29145247611848635,0.4971307709329711,1,0,0,0
0.558833200706309,0.2788152903091648,1,2,1,1
0.47772331161980824,0.8139672200918724,1,1,0,1
0.33420516955422463,0.8284472803849603,2,2,0,1
0.07788659320034762,0.7067748908767871,3,1,0,0
0.6215259287630163,0.7651257353531586,1,2,0,1
0.43610215612145925,0.8344175183765385,0,0,1,1
0.3525305632502311,0.3466098666662569,1,1,0,1
0.3937608240909624,0.7773122731420009,1,2,0,1
0.13384604717157197,0.7158965949012572,1,2,0,1
0.22127322020256196,0.564506201428636,2,0,0,1
0.5877529235882336,0.8106712597068325,1,0,0,1
0.6413469877769603,0.7809685984529724,3,1,0,1
0.19013171519088937,0.3931006147284876,0,1,0,0
0.423882603430026,0.495922610790501,7,1,0,1
0.39408561340559434,0.77333987708023,2,2,1,1
0.5147965951322918,0.6982405426020516,1,2,0,0
0.3011711457638631,0.6046990808546361,3,1,0,0
0.5112810328308849,0.6092400721822453,1,2,0,1
0.538435950678781,0.8034207809575692,2,0,0,1
0.4212559943082423,0.5815884641950935,0,2,0,1
0.5418209456689359,0.699106825118344,3,1,0,1
0.2497236540130622,0.7529147436816024,2,2,1,1
0.5520855075909271,0.7567042432894302,4,0,1,1
0.17927606216103226,0.74286993751308,0,1,1,1
0.5492665387852165,0.9202107586497901,3,1,0,1
0.5445862014294663,0.7412730902832048,1,1,0,1
0.43671626364154686,0.7427183393768148,2,1,1,1
0.3282762345717201,0.8582145079410599,1,2,0,1
0.28198562427441815,0.6388005043818106,2,0,0,0
0.49018457705785373,0.8789820855360597,3,2,0,1
0.14301666744385547,0.7347653717574386,3,2,0,1
0.2548373636805062,0.6659881481089944,4,1,0,0
0.4852397106868429,0.5602647928748398,1,0,1,1
0.26651911508390186,0.7735715113308831,2,2,0,1
0.32648700981349166,0.5506674123988015,2,0,0,1
0.4276481124101059,0.7510239699727718,2,0,0,0
0.3784123833130269,0.7800892332431771,1,0,0,1
0.19164385499711858,0.628503105920192,3,0,0,0
0.32151291134261567,0.6765294837322929,2,2,0,1
0.41162487375987356,0.8286208641662656,3,0,0,1
0.5479566296739231,0.8252116214270888,1,2,0,1
0.6617319345473004,0.9037055839929352,0,0,0,1
0.4689161149271327,0.7649595499079193,1,0,0,1
0.0867946546052782,0.9154000644873275,0,2,0,0
0.7411298297791594,0.8352317119808363,3,1,0,1
0.4740047956874918,0.7103449574647658,3,2,0,1
0.33343236168536533,0.8100194809240048,1,0,0,1
0.3495118002442497,0.7659235379320664,1,2,0,1
0.4597185646345052,0.8901855745949155,1,0,0,1
0.22338878962550549,0.82302366755649,1,2,0,1
0.2119955095105972,0.3974226724208893,2,2,1,1
0.3740748886042307,0.8599022683073815,0,2,0,1
0.7389645324872331,0.8414354633482475,1,1,0,1
0.47397295319823807,0.5331689730675986,4,2,1,1
0.20614878940813963,0.6771909703678328,1,2,0,1
0.06787968292689507,0.5939686350379272,4,1,0,0
0.20421751479821662,0.825811152392398,1,1,0,1
0.4197855630020453,0.760723090968751,1,0,0,1
0.29127629688776974,0.7553153899184332,1,0,0,0
0.54998003526154,0.6980850405307236,1,2,1,1
0.22604778741369647,0.664425160930635,1,0,0,0
0.35467802153460976,0.8236322149507789,0,2,0,1
0.6164699231689754,0.4779966772311791,2,1,0,1
0.2261628813230885,0.49737237538088436,0,1,0,1
0.28657050642231263,0.7358556715760417,3,2,0,1
0.32825474708724883,0.3647963152791019,1,0,0,0
0.3906826142591686,0.8166410686185394,4,0,0,1
0.36976968534300275,0.9508820119069825,1,0,0,0
0.1209922090862856,0.46408920091648437,2,2,0,1
0.2070555000021074,0.8159686487788674,4,0,0,1
0.3015436650784769,0.9233911396813483,0,1,1,1
0.2969564735981778,0.7637970338349127,2,1,0,1
0.5699610666375801,0.7084863039908033,2,1,0,0
0.6510598651576012,0.843900105033248,1,1,1,1
0.5755515137313703,0.43802575173064084,3,1,1,1
0.20386986536218543,0.8323278398416143,3,1,1,1
0.6356264470406556,0.47006658900174514,2,1,0,1
0.42383804753008997,0.7111323327864391,4,1,1,1
0.330212077913486,0.688741078042162,1,1,0,1
0.34395181643664935,0.6618620197391714,2,2,0,0
0.499583761848564,0.5281253020576692,4,2,1,1
0.03259356934533115,0.7838827568909031,1,1,1,1
0.30541390585472167,0.5460699319814761,2,1,0,0
0.6247022335550488,0.6558512760199869,0,1,1,1
0.2695084509684327,0.3894794302771354,0,0,0,0
0.5706396065412577,0.7779635862577513,2,2,0,1
0.1473416925591962,0.7443100891262319,3,1,0,1
0.29361947310560627,0.4545660641577125,0,2,1,1
0.29829323075996644,0.5958436658743015,5,1,0,0
0.4324427219347569,0.727016812128393,1,0,1,1
0.36545579082361157,0.6867859662538304,5,1,0,1
0.16855511624767205,0.9729777567436514,2,2,1,1
0.6792749483852124,0.8117715243975209,5,2,0,1
0.3220159100260496,0.8068829447724025,2,2,0,1
0.38722507824987906,0.7367234199237864,2,2,1,1
0.25470300383036043,0.7898622298013979,5,1,0,1
0.23815228910013256,0.557949726171257,0,0,0,1
0.07989707191746587,0.41707099101246103,4,0,0,0
0.5165160710386792,0.8901695592653746,2,1,0,1
0.45940943933811296,0.9646425968149015,4,1,0,1
0.3175130227850208,0.9253796265941956,1,2,0,1
0.22579867653951843,0.8793444041633967,4,1,0,1
0.24911616664952246,0.35216170401168234,3,0,1,1
0.18499612175326388,0.8020120709330826,6,1,1,1
0.20952759898752865,0.2713199508989073,1,1,1,1
0.3384533042651864,0.7692659244454246,2,0,0,1
0.25503180148979276,0.8735537588980797,1,0,1,1
0.6529084762024215,0.7840163483580254,1,1,0,1
0.3020314141214503,0.8501510469368619,3,2,1,1
0.294289861487045,0.5865901661261975,3,2,0,1
0.21712579923135283,0.38238836518855257,1,2,0,1
0.627678628662562,0.3547698974669101,2,0,0,0
0.26403756445580034,0.7207778022750954,3,0,0,0
0.27805381170420246,0.6409142456066934,5,2,1,1
0.08527795670942992,0.8107881194471173,0,1,1,1
0.2139902092943813,0.7971145312459019,1,1,0,1
0.16244529973679772,0.6821365759500765,2,1,1,1
0.3859702155028281,0.5288560869808547,5,0,0,1
0.48628174718452627,0.8108758339515398,2,0,0,1
0.2842244210996682,0.5405348232144414,1,2,0,0
0.3329308311697784,0.8620592524678601,3,1,0,1
0.18125403129524012,0.5471152444930305,1,0,0,0
0.6672977658903884,0.8383164830118225,0,0,0,1
0.5918786797215575,0.8409125121725114,2,2,0,1
0.5114844681333243,0.603611442410606,2,1,0,1
0.5071672484611786,0.7368897061606333,2,0,1,1
0.18959936487847726,0.875813949138087,1,0,0,0
0.4306576129744341,0.8076777054484037,2,0,0,0
0.45942230159950465,0.6811996202024339,3,0,0,1
0.43337890171509874,0.8033123720863754,4,1,0,1
0.08624643208585746,0.5578666995898728,1,2,1,1
0.24927160612062138,0.7465326613951352,0,1,0,1
0.21434474247409982,0.665626360693877,3,2,1,0
0.2244744345960524,0.4771709265397085,2,0,0,0
0.27336328392013454,0.8858966410799067,1,1,1,1
0.37525867085427034,0.7975791991911746,1,2,1,1
0.44518553508685893,0.6462811941781136,0,2,0,1
0.609968301011193,0.8160906565759944,3,0,0,1
0.20311388522800192,0.8732556998263574,4,2,0,1
0.48373251085262065,0.33691166057332256,2,2,1,1
0.34335560833182616,0.6758009195983657,2,2,0,1
0.1242313369612511,0.9389222276004454,2,0,0,0
0.43278365961493076,0.8736574195714175,4,1,0,1
0.5612413758965786,0.5166194961393006,3,0,1,1
0.5709341722625052,0.9099572929984439,2,2,0,1
0.32181632248130787,0.7648181102418947,1,2,1,1
0.33895905143282484,0.618749074542151,0,1,1,1
0.09745686797184581,0.4228120275351369,1,2,0,0
0.20243378484331884,0.7923525885759287,2,1,0,1
0.5100680263858081,0.706019972480199,2,2,0,1
0.40290459119415156,0.5393258590297646,3,2,0,1
0.2960468330449075,0.6334798267767894,1,0,0,0
0.43622076517962843,0.6191994563108909,0,0,0,1
0.33624357372112773,0.6911138344276463,1,1,0,0
0.34635662429929903,0.31726961307798013,3,0,1,1
0.17245434118151434,0.852221578907584,4,1,0,1
0.7196076833054962,0.9107460096318888,0,0,1,1
0.1782463309376132,0.7647122737001316,3,1,0,1
0.2629890921770375,0.8511574949411467,8,2,0,1
0.15687356964786314,0.33472973808572487,1,1,0,0
0.26219649439280546,0.5710049772913028,1,0,0,1
0.40366998362084533,0.7803117749022341,1,1,0,0
0.06580752092040937,0.6937231748598294,1,0,0,0
0.5455831406773965,0.8596526133966772,1,2,0,1
0.42426139034132204,0.6886580261853331,6,0,1,1
0.23142899080674628,0.478579627629004,2,2,0,1
0.1798579232402763,0.3570786187037147,3,2,1,0
0.4691078401530411,0.9106163431276179,3,0,1,1
0.4322653375343914,0.8699697778247424,5,2,0,1
0.25898700900346994,0.48702893164232025,2,0,0,0
0.2883780979711402,0.7439935488175761,1,1,0,1
0.10642047402933136,0.7648529293796138,1,2,0,0
0.6881014305711579,0.5345550062051106,2,1,0,0
0.3457208034450196,0.6234794407473165,2,1,1,1
0.4118585822076489,0.7180468383557017,1,0,0,0
0.11950650693342481,0.8897012633813872,0,0,1,1
0.26598641736340006,0.9060919804550565,0,2,0,1
0.1274537218562858,0.929104169669086,1,0,0,1
0.4072665398782155,0.6994816936826525,2,1,1,1
0.5159912585752539,0.6417991530092269,0,1,0,1
0.3548650356301284,0.7714990816650799,2,1,1,1
0.4588832595587594,0.9002155278479355,1,2,0,1
0.38026653752914413,0.9087407888982535,1,0,1,1
0.4989591893612707,0.42599726212851996,2,1,1,0
0.5389728045148581,0.7222182605824536,3,2,0,1
0.12342704495178765,0.46004757226200377,3,0,1,1
0.2982783127352583,0.8353167844015926,0,0,0,0
0.35132593126838324,0.6450272851488382,4,1,0,0
0.3368815843695358,0.6745503656342982,2,2,0,1
0.2315251086579951,0.8410435608002595,3,1,0,1
0.4427752912388481,0.36835924726959346,2,1,0,1
0.25049422891916207,0.6479258638655976,3,2,1,1
0.3876730679703363,0.45983080005375127,3,1,0,1
0.32835983848914174,0.59394372662153,0,2,1,1
